sequenceID	sequence_length	locus_name	genus	stem	locus_numeric_id	duplicate_id	organism	target_datatype	target_version	target_name	scaffold	orientation	extract_start	extract_end
EFV-cISF.1.1-Aedes_aegypti	13814	EFV-cISF.1-AedAeg	cISF	EFV-cISF	1	1	Aedes_aegypti	complete	AaegL2	GCF_000004015.3_AaegL2_genomic.fna	NW_001811003.1	+	1363194	1377007
EFV-cISF.1.2-Aedes_aegypti	2864	EFV-cISF.1-AedAeg	cISF	EFV-cISF	1	2	Aedes_aegypti	complete	AaegL2	GCF_000004015.3_AaegL2_genomic.fna	NW_001810938.1	-	1126141	1129004
EFV-cISF.1.3-Aedes_aegypti	13973	EFV-cISF.1-AedAeg	cISF	EFV-cISF	1	3	Aedes_aegypti	complete	AaegL2	GCF_000004015.3_AaegL2_genomic.fna	NW_001811003.1	+	1385240	1399212
EFV-cISF.1.4-Aedes_aegypti	1497	EFV-cISF.1-AedAeg	cISF	EFV-cISF	1	4	Aedes_aegypti	complete	AaegL2	GCF_000004015.3_AaegL2_genomic.fna	NW_001810830.1	+	211726	213222
EFV-cISF.1.5-Aedes_aegypti	8365	EFV-cISF.1-AedAeg	cISF	EFV-cISF	1	5	Aedes_aegypti	complete	AaegL2	GCF_000004015.3_AaegL2_genomic.fna	NW_001809963.1	+	94390	102754
EFV-cISF.1.6-Aedes_aegypti	15225	EFV-cISF.1-AedAeg	cISF	EFV-cISF	1	6	Aedes_aegypti	complete	AaegL2	GCF_000004015.3_AaegL2_genomic.fna	NW_001811339.1	-	72559	87783
EFV-cISF.1.7-Aedes_aegypti	504	EFV-cISF.1-AedAeg	cISF	EFV-cISF	1	7	Aedes_aegypti	complete	AaegL2	GCF_000004015.3_AaegL2_genomic.fna	NW_001810830.1	+	244025	244528
EFV-cISF.1.8-Aedes_aegypti	258	EFV-cISF.1-AedAeg	cISF	EFV-cISF	1	8	Aedes_aegypti	complete	AaegL2	GCF_000004015.3_AaegL2_genomic.fna	NW_001811003.1	+	1429737	1429994
EFV-cISF.1.9-Aedes_aegypti	3750	EFV-cISF.2-AedAlb	cISF	EFV-cISF	1	9	Aedes_aegypti	complete	AaegL2	GCF_000004015.3_AaegL2_genomic.fna	NW_001809801.1	-	1198791	1202540
EFV-cISF.2.1-Aedes_albopictus	7604	EFV-cISF.2-AedAlb	cISF	EFV-cISF	2	1	Aedes_albopictus	complete	v1.1	GCA_001444175.2_A.albopictus_v1.1_genomic.fna	KQ571597.1	+	3593	11196
EFV-cISF.2.2-Aedes_albopictus	6549	EFV-cISF.2-AedAlb	cISF	EFV-cISF	2	2	Aedes_albopictus	complete	Aalbo_primary.1	GCA_006496715.1_Aalbo_primary.1_genomic.fna	SWKY01000020.1	+	19234981	19241529
EFV-cISF.2.3-Aedes_albopictus	2049	EFV-cISF.2-AedAlb	cISF	EFV-cISF	2	3	Aedes_albopictus	complete	v1.1	GCA_001444175.2_A.albopictus_v1.1_genomic.fna	KQ565926.1	-	37794	39842
EFV-cISF.2.4-Aedes_albopictus	1545	EFV-cISF.2-AedAlb	cISF	EFV-cISF	2	4	Aedes_albopictus	complete	v1.1	GCA_001444175.2_A.albopictus_v1.1_genomic.fna	KQ564680.1	-	127324	128868
EFV-cISF.2.5-Aedes_albopictus	1407	EFV-cISF.2-AedAlb	cISF	EFV-cISF	2	5	Aedes_albopictus	complete	v1.1	GCA_001444175.2_A.albopictus_v1.1_genomic.fna	KQ565305.1	+	89437	90843
EFV-cISF.2.6-Aedes_albopictus	11549	EFV-cISF.2-AedAlb	cISF	EFV-cISF	2	6	Aedes_albopictus	complete	Aalbo_primary.1	GCA_006496715.1_Aalbo_primary.1_genomic.fna	SWKY01000478.1	-	223706	235254
EFV-cISF.2.7-Aedes_albopictus	1194	EFV-cISF.2-AedAlb	cISF	EFV-cISF	2	7	Aedes_albopictus	complete	Aalbo_primary.1	GCA_006496715.1_Aalbo_primary.1_genomic.fna	SWKY01000478.1	-	200816	202009
EFV-cISF.2.8-Aedes_albopictus	1167	EFV-cISF.2-AedAlb	cISF	EFV-cISF	2	8	Aedes_albopictus	complete	v1.1	GCA_001444175.2_A.albopictus_v1.1_genomic.fna	KQ571995.1	-	16386	17552
EFV-cISF.2.9-Aedes_albopictus	1047	EFV-cISF.2-AedAlb	cISF	EFV-cISF	2	9	Aedes_albopictus	complete	v1.1	GCA_001444175.2_A.albopictus_v1.1_genomic.fna	KQ571597.1	+	23486	24532
EFV-cISF.2.10-Aedes_albopictus	1492	EFV-cISF.2-AedAlb	cISF	EFV-cISF	2	10	Aedes_albopictus	complete	v1.1	GCA_001444175.2_A.albopictus_v1.1_genomic.fna	KQ566147.1	-	93100	94591
EFV-cISF.2.11-Aedes_albopictus	5721	EFV-cISF.2-AedAlb	cISF	EFV-cISF	2	11	Aedes_albopictus	complete	v1.1	GCA_001444175.2_A.albopictus_v1.1_genomic.fna	KQ566147.1	-	74480	80200
EFV-cISF.2.12-Aedes_albopictus	1807	EFV-cISF.2-AedAlb	cISF	EFV-cISF	2	12	Aedes_albopictus	complete	v1.1	GCA_001444175.2_A.albopictus_v1.1_genomic.fna	KQ560270.1	-	15548	17354
EFV-cISF.2.13-Aedes_albopictus	939	EFV-cISF.2-AedAlb	cISF	EFV-cISF	2	13	Aedes_albopictus	complete	v1.1	GCA_001444175.2_A.albopictus_v1.1_genomic.fna	KQ635505.1	+	8085	9023
EFV-cISF.2.14-Aedes_albopictus	1375	EFV-cISF.2-AedAlb	cISF	EFV-cISF	2	14	Aedes_albopictus	complete	Aalbo_primary.1	GCA_006496715.1_Aalbo_primary.1_genomic.fna	SWKY01000002.1	-	164421457	164422831
EFV-cISF.2.15-Aedes_albopictus	6893	EFV-cISF.2-AedAlb	cISF	EFV-cISF	2	15	Aedes_albopictus	complete	v1.1	GCA_001444175.2_A.albopictus_v1.1_genomic.fna	KQ562627.1	-	173052	179944
EFV-cISF.2.16-Aedes_albopictus	1228	EFV-cISF.2-AedAlb	cISF	EFV-cISF	2	16	Aedes_albopictus	complete	Aalbo_primary.1	GCA_006496715.1_Aalbo_primary.1_genomic.fna	SWKY01000002.1	-	164434108	164435335
EFV-cISF.2.17-Aedes_albopictus	744	EFV-cISF.2-AedAlb	cISF	EFV-cISF	2	17	Aedes_albopictus	complete	v1.1	GCA_001444175.2_A.albopictus_v1.1_genomic.fna	KQ565305.1	+	99982	100725
EFV-cISF.2.18-Aedes_albopictus	1331	EFV-cISF.2-AedAlb	cISF	EFV-cISF	2	18	Aedes_albopictus	complete	Aalbo_primary.1	GCA_006496715.1_Aalbo_primary.1_genomic.fna	SWKY01000001.1	-	135123481	135124811
EFV-cISF.2.19-Aedes_albopictus	575	EFV-cISF.2-AedAlb	cISF	EFV-cISF	2	19	Aedes_albopictus	complete	v1.1	GCA_001444175.2_A.albopictus_v1.1_genomic.fna	KQ635198.1	+	41180	41754
EFV-cISF.2.20-Aedes_albopictus	495	EFV-cISF.2-AedAlb	cISF	EFV-cISF	2	20	Aedes_albopictus	complete	v1.1	GCA_001444175.2_A.albopictus_v1.1_genomic.fna	KQ564478.1	-	132427	132921
EFV-cISF.2.22-Aedes_albopictus	415	EFV-cISF.2-AedAlb	cISF	EFV-cISF	2	22	Aedes_albopictus	complete	v1.1	GCA_001444175.2_A.albopictus_v1.1_genomic.fna	KQ565305.1	+	108664	109078
EFV-cISF.2.23-Aedes_albopictus	2807	EFV-cISF.2-AedAlb	cISF	EFV-cISF	2	23	Aedes_albopictus	complete	v1.1	GCA_001444175.2_A.albopictus_v1.1_genomic.fna	KQ565305.1	+	115824	118630
EFV-cISF.2.24-Aedes_albopictus	501	EFV-cISF.2-AedAlb	cISF	EFV-cISF	2	24	Aedes_albopictus	complete	Aalbo_primary.1	GCA_006496715.1_Aalbo_primary.1_genomic.fna	SWKY01000001.1	+	137347404	137347904
EFV-cISF.2.25-Aedes_albopictus	270	EFV-cISF.2-AedAlb	cISF	EFV-cISF	2	25	Aedes_albopictus	complete	Aalbo_primary.1	GCA_006496715.1_Aalbo_primary.1_genomic.fna	SWKY01000478.1	-	209115	209384
EFV-cISF.2.26-Aedes_albopictus	462	EFV-cISF.2-AedAlb	cISF	EFV-cISF	2	26	Aedes_albopictus	complete	v1.1	GCA_001444175.2_A.albopictus_v1.1_genomic.fna	KQ561363.1	+	151300	151761
EFV-cISF.2.27-Aedes_albopictus	261	EFV-cISF.2-AedAlb	cISF	EFV-cISF	2	27	Aedes_albopictus	complete	v1.1	GCA_001444175.2_A.albopictus_v1.1_genomic.fna	KQ566147.1	-	61157	61417
EFV-cISF.2.28-Aedes_albopictus	321	EFV-cISF.2-AedAlb	cISF	EFV-cISF	2	28	Aedes_albopictus	complete	v1.1	GCA_001444175.2_A.albopictus_v1.1_genomic.fna	KQ638098.1	+	1654	1974
EFV-cISF.2.29-Aedes_albopictus	3878	EFV-cISF.2-AedAlb	cISF	EFV-cISF	2	29	Aedes_albopictus	complete	v1.1	GCA_001444175.2_A.albopictus_v1.1_genomic.fna	KQ560193.1	+	303890	307767
EFV-cISF.2.30-Aedes_albopictus	171	EFV-cISF.2-AedAlb	cISF	EFV-cISF	2	30	Aedes_albopictus	complete	v1.1	GCA_001444175.2_A.albopictus_v1.1_genomic.fna	KQ565019.1	-	79477	79647
EFV-cISF.2.31-Aedes_albopictus	207	EFV-cISF.2-AedAlb	cISF	EFV-cISF	2	31	Aedes_albopictus	complete	v1.1	GCA_001444175.2_A.albopictus_v1.1_genomic.fna	KQ604578.1	+	468	674
EFV-cISF.3-Anopheles_minimus	1965	EFV-cISF.3-AnoMin	cISF	EFV-cISF	3	1	Anopheles_minimus	low_coverage	Anop_mini_MINIMUS1_V1	GCA_000349025.1_Anop_mini_MINIMUS1_V1_genomic.fna	KB664005.1	+	23	1987
EFV-cISF.4-Anopheles_sinensis	1663	EFV-cISF.4-AnoSin	cISF	EFV-cISF	4	1	Anopheles_sinensis	low_coverage	AS2	GCA_000441895.2_AS2_genomic.fna	KE525264.1	-	411745	413407
EFV-cISF.5.1-Tipula_oleracea	2740	EFV-cISF.5-TipOle	cISF	EFV-cISF	5	1	Tipula_oleracea	low_coverage	v1	GCA_001017535.1_ASM101753v1_genomic.fna	JXPP01124776.1	+	1264	4003
EFV-cISF.5.2-Tipula_oleracea	1067	EFV-cISF.5-TipOle	cISF	EFV-cISF	5	2	Tipula_oleracea	low_coverage	v1	GCA_001017535.1_ASM101753v1_genomic.fna	JXPP01151535.1	+	859	1925
EFV-cISF.5.3-Tipula_oleracea	1186	EFV-cISF.5-TipOle	cISF	EFV-cISF	5	3	Tipula_oleracea	low_coverage	v1	GCA_001017535.1_ASM101753v1_genomic.fna	JXPP01036443.1	+	885	2070
EFV-cISF.5.4-Tipula_oleracea	1075	EFV-cISF.5-TipOle	cISF	EFV-cISF	5	4	Tipula_oleracea	low_coverage	v1	GCA_001017535.1_ASM101753v1_genomic.fna	JXPP01119385.1	-	86	1160
EFV-cISF.6-Condylostylus_patibulatus	585	EFV-cISF.6-ConPat	cISF	EFV-cISF	6	1	Condylostylus_patibulatus	low_coverage	ASM101487v1	GCA_001014875.1_ASM101487v1_genomic.fna	JXOW01150519.1	-	3	587
EFV-Flavi.1.1-Craspedacusta_sowerbyi	4469	EFV-Flavi.1-CraSow	Flavi	EFV-Flavi	1	1	Craspedacusta_sowerbyi	low_coverage	ASM368756v1	GCA_003687565.1_ASM368756v1_genomic.fna	QQSS01132398.1	+	1992	6460
EFV-Flavi.1.2-Craspedacusta_sowerbyi	2558	EFV-Flavi.1-CraSow	Flavi	EFV-Flavi	1	2	Craspedacusta_sowerbyi	low_coverage	ASM368756v1	GCA_003687565.1_ASM368756v1_genomic.fna	QQSS01398420.1	+	140	2697
EFV-Flavi.1.3-Craspedacusta_sowerbyi	1125	EFV-Flavi.1-CraSow	Flavi	EFV-Flavi	1	3	Craspedacusta_sowerbyi	low_coverage	ASM368756v1	GCA_003687565.1_ASM368756v1_genomic.fna	QQSS01051271.1	-	11592	12716
EFV-Flavi.1.4-Craspedacusta_sowerbyi	3633	EFV-Flavi.1-CraSow	Flavi	EFV-Flavi	1	4	Craspedacusta_sowerbyi	low_coverage	ASM368756v1	GCA_003687565.1_ASM368756v1_genomic.fna	QQSS01028249.1	-	1	3633
EFV-Flavi.1.5-Craspedacusta_sowerbyi	681	EFV-Flavi.1-CraSow	Flavi	EFV-Flavi	1	5	Craspedacusta_sowerbyi	low_coverage	ASM368756v1	GCA_003687565.1_ASM368756v1_genomic.fna	QQSS01422136.1	-	1	681
EFV-Flavi.1.6-Craspedacusta_sowerbyi	567	EFV-Flavi.1-CraSow	Flavi	EFV-Flavi	1	6	Craspedacusta_sowerbyi	low_coverage	ASM368756v1	GCA_003687565.1_ASM368756v1_genomic.fna	QQSS01412959.1	+	4	570
EFV-Flavi.1.7-Craspedacusta_sowerbyi	1086	EFV-Flavi.1-CraSow	Flavi	EFV-Flavi	1	7	Craspedacusta_sowerbyi	low_coverage	ASM368756v1	GCA_003687565.1_ASM368756v1_genomic.fna	QQSS01418742.1	+	27	1112
EFV-Flavi.1.8-Craspedacusta_sowerbyi	873	EFV-Flavi.1-CraSow	Flavi	EFV-Flavi	1	8	Craspedacusta_sowerbyi	low_coverage	ASM368756v1	GCA_003687565.1_ASM368756v1_genomic.fna	QQSS01132660.1	-	2390	3262
EFV-Flavi.1.9-Craspedacusta_sowerbyi	483	EFV-Flavi.1-CraSow	Flavi	EFV-Flavi	1	9	Craspedacusta_sowerbyi	low_coverage	ASM368756v1	GCA_003687565.1_ASM368756v1_genomic.fna	QQSS01424007.1	-	2	484
EFV-Flavi.1.10-Craspedacusta_sowerbyi	726	EFV-Flavi.1-CraSow	Flavi	EFV-Flavi	1	10	Craspedacusta_sowerbyi	low_coverage	ASM368756v1	GCA_003687565.1_ASM368756v1_genomic.fna	QQSS01414325.1	+	182	907
EFV-Flavi.1.11-Craspedacusta_sowerbyi	243	EFV-Flavi.1-CraSow	Flavi	EFV-Flavi	1	11	Craspedacusta_sowerbyi	low_coverage	ASM368756v1	GCA_003687565.1_ASM368756v1_genomic.fna	QQSS01420669.1	+	2	244
EFV-Flavi.1.12-Craspedacusta_sowerbyi	345	EFV-Flavi.1-CraSow	Flavi	EFV-Flavi	1	12	Craspedacusta_sowerbyi	low_coverage	ASM368756v1	GCA_003687565.1_ASM368756v1_genomic.fna	QQSS01420917.1	-	2388	2732
EFV-Flavi.1.13-Craspedacusta_sowerbyi	324	EFV-Flavi.1-CraSow	Flavi	EFV-Flavi	1	13	Craspedacusta_sowerbyi	low_coverage	ASM368756v1	GCA_003687565.1_ASM368756v1_genomic.fna	QQSS01323120.1	+	1569	1892
EFV-Flavi.2.1-Daphnia_magna	5761	EFV-Flavi.2-DapMag	Flavi	EFV-Flavi	2	1	Daphnia_magna	low_coverage	daphmag2.4	GCA_001632505.1_daphmag2.4_genomic.fna	LRGB01002801.1	+	179805	185565
EFV-Flavi.2.2-Daphnia_magna	1588	EFV-Flavi.2-DapMag	Flavi	EFV-Flavi	2	2	Daphnia_magna	low_coverage	daphmag2.4	GCA_001632505.1_daphmag2.4_genomic.fna	LRGB01003275.1	+	107779	109366
EFV-Flavi.3.1-Lepidurus_arcticus	1599	EFV-Flavi.3-LepArc	Flavi	EFV-Flavi	3	1	Lepidurus_arcticus	low_coverage	ASM372404v1	GCA_003724045.1_ASM372404v1_genomic.fna	RJJA01000657.1	-	13151	14749
EFV-Flavi.3.2-Lepidurus_arcticus	954	EFV-Flavi.3-LepArc	Flavi	EFV-Flavi	3	2	Lepidurus_arcticus	low_coverage	ASM372404v1	GCA_003724045.1_ASM372404v1_genomic.fna	RJJA01001389.1	+	1843	2796
EFV-Flavi.3.3-Lepidurus_arcticus	753	EFV-Flavi.3-LepArc	Flavi	EFV-Flavi	3	3	Lepidurus_arcticus	low_coverage	ASM372404v1	GCA_003724045.1_ASM372404v1_genomic.fna	RJJA01000859.1	+	5426	6178
EFV-HepaPegi.1-Elysia_chlorotica	741	EFV-HepaPegi.1-ElyChl	Hepaci	EFV-Hepaci	1	1	Elysia_chlorotica	low_coverage	ElyChl2.0	GCA_003991915.1_ElyChl2.0_genomic.fna	RQTK01000193.1	-	67319	68059
EJP-Jingmen.1-Chironomus_riparius	2307	EJP-Jingmen.1-Chironomus	Jingmen	EFV-Jingmen	1	1	Chironomus_riparius	low_coverage	ASM101450v1	GCA_001014505.1_ASM101450v1_genomic.fna	JXPV01001963.1	-	3919	6225
EJP-Jingmen.1-Chironomus_tentans	2108	EJP-Jingmen.1-Chironomus	Jingmen	EFV-Jingmen	1	1	Chironomus_tentans	low_coverage	CT01	GCA_000786525.1_CT01_genomic.fna	HG429170.1	-	32608	34715
EJH-Jingmen.1-Gerris_buenoi	1572	EJH-Jingmen.1-GerBue	Jingmen	EFV-Jingmen	2	1	Gerris_buenoi	low_coverage	Gbue_1.0	GCA_001010745.1_Gbue_1.0_genomic.fna	KQ064150.1	-	54576	56147
EJP-Jingmen.2-Gerris_buenoi	1404	EJP-Jingmen.2-GerBue	Jingmen	EFV-Jingmen	3	1	Gerris_buenoi	low_coverage	Gbue_1.0	GCA_001010745.1_Gbue_1.0_genomic.fna	KQ066217.1	-	2361	3764
EFV-PL2.1.6-Calycopis_cecrops	423	EFV-PL2.1-CalCec	PL2	EFV-PL2	1	6	Calycopis_cecrops	low_coverage	v2	GCA_001625245.1_3306_assembly_v2_genomic.fna	LUGF01002716.1	-	2063	2485
EFV-PL2.1.1-Calycopis_cecrops	3732	EFV-PL2.1-CalCec	PL2	EFV-PL2	1	1	Calycopis_cecrops	low_coverage	v2	GCA_001625245.1_3306_assembly_v2_genomic.fna	LUGF01003838.1	-	1433	5164
EFV-PL2.1.2-Calycopis_cecrops	1996	EFV-PL2.1-CalCec	PL2	EFV-PL2	1	2	Calycopis_cecrops	low_coverage	v2	GCA_001625245.1_3306_assembly_v2_genomic.fna	LUGF01006995.1	-	11404	13399
EFV-PL2.1.3-Calycopis_cecrops	516	EFV-PL2.1-CalCec	PL2	EFV-PL2	1	3	Calycopis_cecrops	low_coverage	v2	GCA_001625245.1_3306_assembly_v2_genomic.fna	LUGF01020455.1	-	4791	5306
EFV-PL2.1.4-Calycopis_cecrops	1659	EFV-PL2.1-CalCec	PL2	EFV-PL2	1	4	Calycopis_cecrops	low_coverage	v2	GCA_001625245.1_3306_assembly_v2_genomic.fna	LUGF01022944.1	+	31	1689
EFV-PL2.1.5-Calycopis_cecrops	959	EFV-PL2.1-CalCec	PL2	EFV-PL2	1	5	Calycopis_cecrops	low_coverage	v2	GCA_001625245.1_3306_assembly_v2_genomic.fna	LUGF01005621.1	+	81472	82430
EFV-PL2.2.1-Euschistus_heros	1661	EFV-PL2.2-EusHer	PL2	EFV-PL2	2	1	Euschistus_heros	low_coverage	GCA_003667255	GCA_003667255.1_E_heros_v1.0_sep_2018_genomic.fna	RCWM01000536.1	+	8602	10262
EFV-PL2.2.2-Euschistus_heros	2703	EFV-PL2.2-EusHer	PL2	EFV-PL2	2	2	Euschistus_heros	low_coverage	GCA_003667255	GCA_003667255.1_E_heros_v1.0_sep_2018_genomic.fna	RCWM01000197.1	-	413502	416204
EFV-PL2.2.3-Euschistus_heros	471	EFV-PL2.2-EusHer	PL2	EFV-PL2	2	3	Euschistus_heros	low_coverage	GCA_003667255	GCA_003667255.1_E_heros_v1.0_sep_2018_genomic.fna	RCWM01002751.1	-	35764	36234
EFV-PL2.3.199-Ceratina_australensis	6462	EFV-PL2.3-Apoidae	PL2	EFV-PL2	3	199	Ceratina_australensis	low_coverage	ASM430768v1	GCA_004307685.1_ASM430768v1_genomic.fna	SHCU01001306.1	+	14225	20686
EFV-PL2.3.200-Ceratina_australensis	1266	EFV-PL2.3-Apoidae	PL2	EFV-PL2	3	200	Ceratina_australensis	low_coverage	ASM430768v1	GCA_004307685.1_ASM430768v1_genomic.fna	SHCU01006948.1	+	50	1315
EFV-PL2.3.47-Ceratina_calcarata	102	EFV-PL2.3-Apoidae	PL2	EFV-PL2	3	47	Ceratina_calcarata	low_coverage	ASM165200v1	GCA_001652005.1_ASM165200v1_genomic.fna	LSNX01036068.1	+	5	106
EFV-PL2.3.62-Ceratina_calcarata	14405	EFV-PL2.3-Apoidae	PL2	EFV-PL2	3	62	Ceratina_calcarata	low_coverage	ASM165200v1	GCA_001652005.1_ASM165200v1_genomic.fna	LSNX01048950.1	-	2693	17097
EFV-PL2.3.63-Ceratina_calcarata	17258	EFV-PL2.3-Apoidae	PL2	EFV-PL2	3	63	Ceratina_calcarata	low_coverage	ASM165200v1	GCA_001652005.1_ASM165200v1_genomic.fna	LSNX01000230.1	+	2	17259
EFV-PL2.3.64-Ceratina_calcarata	6399	EFV-PL2.3-Apoidae	PL2	EFV-PL2	3	64	Ceratina_calcarata	low_coverage	ASM165200v1	GCA_001652005.1_ASM165200v1_genomic.fna	LSNX01000710.1	+	2117	8515
EFV-PL2.3.65-Ceratina_calcarata	11055	EFV-PL2.3-Apoidae	PL2	EFV-PL2	3	65	Ceratina_calcarata	low_coverage	ASM165200v1	GCA_001652005.1_ASM165200v1_genomic.fna	LSNX01049465.1	-	583	11637
EFV-PL2.3.66-Ceratina_calcarata	7086	EFV-PL2.3-Apoidae	PL2	EFV-PL2	3	66	Ceratina_calcarata	low_coverage	ASM165200v1	GCA_001652005.1_ASM165200v1_genomic.fna	LSNX01004551.1	+	31	7116
EFV-PL2.3.67-Ceratina_calcarata	13502	EFV-PL2.3-Apoidae	PL2	EFV-PL2	3	67	Ceratina_calcarata	low_coverage	ASM165200v1	GCA_001652005.1_ASM165200v1_genomic.fna	LSNX01005083.1	-	3	13504
EFV-PL2.3.68-Ceratina_calcarata	6463	EFV-PL2.3-Apoidae	PL2	EFV-PL2	3	68	Ceratina_calcarata	low_coverage	ASM165200v1	GCA_001652005.1_ASM165200v1_genomic.fna	LSNX01030159.1	-	1	6463
EFV-PL2.3.69-Ceratina_calcarata	6157	EFV-PL2.3-Apoidae	PL2	EFV-PL2	3	69	Ceratina_calcarata	low_coverage	ASM165200v1	GCA_001652005.1_ASM165200v1_genomic.fna	LSNX01011448.1	-	1757	7913
EFV-PL2.3.71-Ceratina_calcarata	1803	EFV-PL2.3-Apoidae	PL2	EFV-PL2	3	71	Ceratina_calcarata	low_coverage	ASM165200v1	GCA_001652005.1_ASM165200v1_genomic.fna	LSNX01035665.1	+	21	1823
EFV-PL2.3.72-Ceratina_calcarata	1263	EFV-PL2.3-Apoidae	PL2	EFV-PL2	3	72	Ceratina_calcarata	low_coverage	ASM165200v1	GCA_001652005.1_ASM165200v1_genomic.fna	LSNX01040369.1	-	4	1266
EFV-PL2.3.74-Ceratina_calcarata	951	EFV-PL2.3-Apoidae	PL2	EFV-PL2	3	74	Ceratina_calcarata	low_coverage	ASM165200v1	GCA_001652005.1_ASM165200v1_genomic.fna	LSNX01045745.1	+	2	952
EFV-PL2.3.79-Ceratina_calcarata	1327	EFV-PL2.3-Apoidae	PL2	EFV-PL2	3	79	Ceratina_calcarata	low_coverage	ASM165200v1	GCA_001652005.1_ASM165200v1_genomic.fna	LSNX01000419.1	+	3	1329
EFV-PL2.3.80-Ceratina_calcarata	513	EFV-PL2.3-Apoidae	PL2	EFV-PL2	3	80	Ceratina_calcarata	low_coverage	ASM165200v1	GCA_001652005.1_ASM165200v1_genomic.fna	LSNX01000366.1	+	1	513
EFV-PL2.3.81-Ceratina_calcarata	591	EFV-PL2.3-Apoidae	PL2	EFV-PL2	3	81	Ceratina_calcarata	low_coverage	ASM165200v1	GCA_001652005.1_ASM165200v1_genomic.fna	LSNX01048978.1	-	2	592
EFV-PL2.3.82-Ceratina_calcarata	483	EFV-PL2.3-Apoidae	PL2	EFV-PL2	3	82	Ceratina_calcarata	low_coverage	ASM165200v1	GCA_001652005.1_ASM165200v1_genomic.fna	LSNX01001307.1	+	3	485
EFV-PL2.3.85-Ceratina_calcarata	1189	EFV-PL2.3-Apoidae	PL2	EFV-PL2	3	85	Ceratina_calcarata	low_coverage	ASM165200v1	GCA_001652005.1_ASM165200v1_genomic.fna	LSNX01041523.1	+	3	1191
EFV-PL2.3.86-Ceratina_calcarata	501	EFV-PL2.3-Apoidae	PL2	EFV-PL2	3	86	Ceratina_calcarata	low_coverage	ASM165200v1	GCA_001652005.1_ASM165200v1_genomic.fna	LSNX01000694.1	-	2	502
EFV-PL2.3.87-Ceratina_calcarata	522	EFV-PL2.3-Apoidae	PL2	EFV-PL2	3	87	Ceratina_calcarata	low_coverage	ASM165200v1	GCA_001652005.1_ASM165200v1_genomic.fna	LSNX01045588.1	-	189	710
EFV-PL2.3.88-Ceratina_calcarata	378	EFV-PL2.3-Apoidae	PL2	EFV-PL2	3	88	Ceratina_calcarata	low_coverage	ASM165200v1	GCA_001652005.1_ASM165200v1_genomic.fna	LSNX01005227.1	-	26	403
EFV-PL2.3.89-Ceratina_calcarata	378	EFV-PL2.3-Apoidae	PL2	EFV-PL2	3	89	Ceratina_calcarata	low_coverage	ASM165200v1	GCA_001652005.1_ASM165200v1_genomic.fna	LSNX01005180.1	-	26	403
EFV-PL2.3.91-Ceratina_calcarata	435	EFV-PL2.3-Apoidae	PL2	EFV-PL2	3	91	Ceratina_calcarata	low_coverage	ASM165200v1	GCA_001652005.1_ASM165200v1_genomic.fna	LSNX01003284.1	+	2	436
EFV-PL2.3.92-Ceratina_calcarata	351	EFV-PL2.3-Apoidae	PL2	EFV-PL2	3	92	Ceratina_calcarata	low_coverage	ASM165200v1	GCA_001652005.1_ASM165200v1_genomic.fna	LSNX01008973.1	+	1	351
EFV-PL2.3.93-Ceratina_calcarata	393	EFV-PL2.3-Apoidae	PL2	EFV-PL2	3	93	Ceratina_calcarata	low_coverage	ASM165200v1	GCA_001652005.1_ASM165200v1_genomic.fna	LSNX01005859.1	+	1	393
EFV-PL2.3.94-Ceratina_calcarata	435	EFV-PL2.3-Apoidae	PL2	EFV-PL2	3	94	Ceratina_calcarata	low_coverage	ASM165200v1	GCA_001652005.1_ASM165200v1_genomic.fna	LSNX01003467.1	-	1	435
EFV-PL2.3.97-Ceratina_calcarata	318	EFV-PL2.3-Apoidae	PL2	EFV-PL2	3	97	Ceratina_calcarata	low_coverage	ASM165200v1	GCA_001652005.1_ASM165200v1_genomic.fna	LSNX01012448.1	-	2	319
EFV-PL2.3.99-Ceratina_calcarata	396	EFV-PL2.3-Apoidae	PL2	EFV-PL2	3	99	Ceratina_calcarata	low_coverage	ASM165200v1	GCA_001652005.1_ASM165200v1_genomic.fna	LSNX01005555.1	-	3	398
EFV-PL2.3.100-Ceratina_calcarata	381	EFV-PL2.3-Apoidae	PL2	EFV-PL2	3	100	Ceratina_calcarata	low_coverage	ASM165200v1	GCA_001652005.1_ASM165200v1_genomic.fna	LSNX01006710.1	-	1	381
EFV-PL2.3.101-Ceratina_calcarata	279	EFV-PL2.3-Apoidae	PL2	EFV-PL2	3	101	Ceratina_calcarata	low_coverage	ASM165200v1	GCA_001652005.1_ASM165200v1_genomic.fna	LSNX01017523.1	+	3	281
EFV-PL2.3.103-Ceratina_calcarata	294	EFV-PL2.3-Apoidae	PL2	EFV-PL2	3	103	Ceratina_calcarata	low_coverage	ASM165200v1	GCA_001652005.1_ASM165200v1_genomic.fna	LSNX01015099.1	-	3	296
EFV-PL2.3.104-Ceratina_calcarata	354	EFV-PL2.3-Apoidae	PL2	EFV-PL2	3	104	Ceratina_calcarata	low_coverage	ASM165200v1	GCA_001652005.1_ASM165200v1_genomic.fna	LSNX01008620.1	+	2	355
EFV-PL2.3.106-Ceratina_calcarata	309	EFV-PL2.3-Apoidae	PL2	EFV-PL2	3	106	Ceratina_calcarata	low_coverage	ASM165200v1	GCA_001652005.1_ASM165200v1_genomic.fna	LSNX01013676.1	+	1	309
EFV-PL2.3.107-Ceratina_calcarata	270	EFV-PL2.3-Apoidae	PL2	EFV-PL2	3	107	Ceratina_calcarata	low_coverage	ASM165200v1	GCA_001652005.1_ASM165200v1_genomic.fna	LSNX01019655.1	-	2	271
EFV-PL2.3.108-Ceratina_calcarata	345	EFV-PL2.3-Apoidae	PL2	EFV-PL2	3	108	Ceratina_calcarata	low_coverage	ASM165200v1	GCA_001652005.1_ASM165200v1_genomic.fna	LSNX01004653.1	+	9	353
EFV-PL2.3.109-Ceratina_calcarata	231	EFV-PL2.3-Apoidae	PL2	EFV-PL2	3	109	Ceratina_calcarata	low_coverage	ASM165200v1	GCA_001652005.1_ASM165200v1_genomic.fna	LSNX01029438.1	+	3	233
EFV-PL2.3.110-Ceratina_calcarata	222	EFV-PL2.3-Apoidae	PL2	EFV-PL2	3	110	Ceratina_calcarata	low_coverage	ASM165200v1	GCA_001652005.1_ASM165200v1_genomic.fna	LSNX01032777.1	-	2	223
EFV-PL2.3.111-Ceratina_calcarata	231	EFV-PL2.3-Apoidae	PL2	EFV-PL2	3	111	Ceratina_calcarata	low_coverage	ASM165200v1	GCA_001652005.1_ASM165200v1_genomic.fna	LSNX01029144.1	+	3	233
EFV-PL2.3.112-Ceratina_calcarata	348	EFV-PL2.3-Apoidae	PL2	EFV-PL2	3	112	Ceratina_calcarata	low_coverage	ASM165200v1	GCA_001652005.1_ASM165200v1_genomic.fna	LSNX01009221.1	+	2	349
EFV-PL2.3.113-Ceratina_calcarata	228	EFV-PL2.3-Apoidae	PL2	EFV-PL2	3	113	Ceratina_calcarata	low_coverage	ASM165200v1	GCA_001652005.1_ASM165200v1_genomic.fna	LSNX01031071.1	-	2	229
EFV-PL2.3.116-Ceratina_calcarata	306	EFV-PL2.3-Apoidae	PL2	EFV-PL2	3	116	Ceratina_calcarata	low_coverage	ASM165200v1	GCA_001652005.1_ASM165200v1_genomic.fna	LSNX01007748.1	-	62	367
EFV-PL2.3.117-Ceratina_calcarata	279	EFV-PL2.3-Apoidae	PL2	EFV-PL2	3	117	Ceratina_calcarata	low_coverage	ASM165200v1	GCA_001652005.1_ASM165200v1_genomic.fna	LSNX01017109.1	-	3	281
EFV-PL2.3.118-Ceratina_calcarata	225	EFV-PL2.3-Apoidae	PL2	EFV-PL2	3	118	Ceratina_calcarata	low_coverage	ASM165200v1	GCA_001652005.1_ASM165200v1_genomic.fna	LSNX01031839.1	-	2	226
EFV-PL2.3.119-Ceratina_calcarata	252	EFV-PL2.3-Apoidae	PL2	EFV-PL2	3	119	Ceratina_calcarata	low_coverage	ASM165200v1	GCA_001652005.1_ASM165200v1_genomic.fna	LSNX01022802.1	-	2	253
EFV-PL2.3.122-Ceratina_calcarata	291	EFV-PL2.3-Apoidae	PL2	EFV-PL2	3	122	Ceratina_calcarata	low_coverage	ASM165200v1	GCA_001652005.1_ASM165200v1_genomic.fna	LSNX01015710.1	-	2	292
EFV-PL2.3.123-Ceratina_calcarata	279	EFV-PL2.3-Apoidae	PL2	EFV-PL2	3	123	Ceratina_calcarata	low_coverage	ASM165200v1	GCA_001652005.1_ASM165200v1_genomic.fna	LSNX01017633.1	-	2	280
EFV-PL2.3.124-Ceratina_calcarata	279	EFV-PL2.3-Apoidae	PL2	EFV-PL2	3	124	Ceratina_calcarata	low_coverage	ASM165200v1	GCA_001652005.1_ASM165200v1_genomic.fna	LSNX01017576.1	-	2	280
EFV-PL2.3.125-Ceratina_calcarata	240	EFV-PL2.3-Apoidae	PL2	EFV-PL2	3	125	Ceratina_calcarata	low_coverage	ASM165200v1	GCA_001652005.1_ASM165200v1_genomic.fna	LSNX01005431.1	-	160	399
EFV-PL2.3.126-Ceratina_calcarata	339	EFV-PL2.3-Apoidae	PL2	EFV-PL2	3	126	Ceratina_calcarata	low_coverage	ASM165200v1	GCA_001652005.1_ASM165200v1_genomic.fna	LSNX01010037.1	+	4	342
EFV-PL2.3.127-Ceratina_calcarata	285	EFV-PL2.3-Apoidae	PL2	EFV-PL2	3	127	Ceratina_calcarata	low_coverage	ASM165200v1	GCA_001652005.1_ASM165200v1_genomic.fna	LSNX01010817.1	-	48	332
EFV-PL2.3.129-Ceratina_calcarata	219	EFV-PL2.3-Apoidae	PL2	EFV-PL2	3	129	Ceratina_calcarata	low_coverage	ASM165200v1	GCA_001652005.1_ASM165200v1_genomic.fna	LSNX01035027.1	-	1	219
EFV-PL2.3.133-Ceratina_calcarata	231	EFV-PL2.3-Apoidae	PL2	EFV-PL2	3	133	Ceratina_calcarata	low_coverage	ASM165200v1	GCA_001652005.1_ASM165200v1_genomic.fna	LSNX01029617.1	-	1	231
EFV-PL2.3.134-Ceratina_calcarata	249	EFV-PL2.3-Apoidae	PL2	EFV-PL2	3	134	Ceratina_calcarata	low_coverage	ASM165200v1	GCA_001652005.1_ASM165200v1_genomic.fna	LSNX01023980.1	+	2	250
EFV-PL2.3.136-Ceratina_calcarata	228	EFV-PL2.3-Apoidae	PL2	EFV-PL2	3	136	Ceratina_calcarata	low_coverage	ASM165200v1	GCA_001652005.1_ASM165200v1_genomic.fna	LSNX01030735.1	-	3	230
EFV-PL2.3.140-Ceratina_calcarata	186	EFV-PL2.3-Apoidae	PL2	EFV-PL2	3	140	Ceratina_calcarata	low_coverage	ASM165200v1	GCA_001652005.1_ASM165200v1_genomic.fna	LSNX01027129.1	-	56	241
EFV-PL2.3.141-Ceratina_calcarata	222	EFV-PL2.3-Apoidae	PL2	EFV-PL2	3	141	Ceratina_calcarata	low_coverage	ASM165200v1	GCA_001652005.1_ASM165200v1_genomic.fna	LSNX01033181.1	+	2	223
EFV-PL2.3.142-Ceratina_calcarata	198	EFV-PL2.3-Apoidae	PL2	EFV-PL2	3	142	Ceratina_calcarata	low_coverage	ASM165200v1	GCA_001652005.1_ASM165200v1_genomic.fna	LSNX01045128.1	+	2	199
EFV-PL2.3.143-Ceratina_calcarata	186	EFV-PL2.3-Apoidae	PL2	EFV-PL2	3	143	Ceratina_calcarata	low_coverage	ASM165200v1	GCA_001652005.1_ASM165200v1_genomic.fna	LSNX01026740.1	-	55	240
EFV-PL2.3.144-Ceratina_calcarata	204	EFV-PL2.3-Apoidae	PL2	EFV-PL2	3	144	Ceratina_calcarata	low_coverage	ASM165200v1	GCA_001652005.1_ASM165200v1_genomic.fna	LSNX01042023.1	+	2	205
EFV-PL2.3.145-Ceratina_calcarata	282	EFV-PL2.3-Apoidae	PL2	EFV-PL2	3	145	Ceratina_calcarata	low_coverage	ASM165200v1	GCA_001652005.1_ASM165200v1_genomic.fna	LSNX01016155.1	-	8	289
EFV-PL2.3.148-Ceratina_calcarata	240	EFV-PL2.3-Apoidae	PL2	EFV-PL2	3	148	Ceratina_calcarata	low_coverage	ASM165200v1	GCA_001652005.1_ASM165200v1_genomic.fna	LSNX01026984.1	-	1	240
EFV-PL2.3.155-Ceratina_calcarata	276	EFV-PL2.3-Apoidae	PL2	EFV-PL2	3	155	Ceratina_calcarata	low_coverage	ASM165200v1	GCA_001652005.1_ASM165200v1_genomic.fna	LSNX01018195.1	-	2	277
EFV-PL2.3.156-Ceratina_calcarata	195	EFV-PL2.3-Apoidae	PL2	EFV-PL2	3	156	Ceratina_calcarata	low_coverage	ASM165200v1	GCA_001652005.1_ASM165200v1_genomic.fna	LSNX01044617.1	-	3	197
EFV-PL2.3.158-Ceratina_calcarata	195	EFV-PL2.3-Apoidae	PL2	EFV-PL2	3	158	Ceratina_calcarata	low_coverage	ASM165200v1	GCA_001652005.1_ASM165200v1_genomic.fna	LSNX01023177.1	+	61	255
EFV-PL2.3.164-Ceratina_calcarata	213	EFV-PL2.3-Apoidae	PL2	EFV-PL2	3	164	Ceratina_calcarata	low_coverage	ASM165200v1	GCA_001652005.1_ASM165200v1_genomic.fna	LSNX01035444.1	+	4	216
EFV-PL2.3.167-Ceratina_calcarata	135	EFV-PL2.3-Apoidae	PL2	EFV-PL2	3	167	Ceratina_calcarata	low_coverage	ASM165200v1	GCA_001652005.1_ASM165200v1_genomic.fna	LSNX01042962.1	+	3	137
EFV-PL2.3.171-Ceratina_calcarata	147	EFV-PL2.3-Apoidae	PL2	EFV-PL2	3	171	Ceratina_calcarata	low_coverage	ASM165200v1	GCA_001652005.1_ASM165200v1_genomic.fna	LSNX01027670.1	-	92	238
EFV-PL2.3.191-Ceratina_calcarata	2283	EFV-PL2.3-Apoidae	PL2	EFV-PL2	3	191	Ceratina_calcarata	low_coverage	ASM165200v1	GCA_001652005.1_ASM165200v1_genomic.fna	LSNX01001226.1	+	10802	13084
EFV-PL2.3.193-Ceratina_calcarata	687	EFV-PL2.3-Apoidae	PL2	EFV-PL2	3	193	Ceratina_calcarata	low_coverage	ASM165200v1	GCA_001652005.1_ASM165200v1_genomic.fna	LSNX01047144.1	+	10	696
EFV-PL2.3.194-Ceratina_calcarata	372	EFV-PL2.3-Apoidae	PL2	EFV-PL2	3	194	Ceratina_calcarata	low_coverage	ASM165200v1	GCA_001652005.1_ASM165200v1_genomic.fna	LSNX01007166.1	-	2	373
EFV-PL2.3.195-Ceratina_calcarata	315	EFV-PL2.3-Apoidae	PL2	EFV-PL2	3	195	Ceratina_calcarata	low_coverage	ASM165200v1	GCA_001652005.1_ASM165200v1_genomic.fna	LSNX01002163.1	+	2	316
EFV-PL2.3.196-Ceratina_calcarata	219	EFV-PL2.3-Apoidae	PL2	EFV-PL2	3	196	Ceratina_calcarata	low_coverage	ASM165200v1	GCA_001652005.1_ASM165200v1_genomic.fna	LSNX01034754.1	+	2	220
EFV-PL2.3.198-Ceratina_calcarata	6462	EFV-PL2.3-Apoidae	PL2	EFV-PL2	3	198	Ceratina_calcarata	low_coverage	ASM165200v1	GCA_004307685.1_ASM430768v1_genomic.fna	SHCU01001306.1	+	14225	20686
EFV-PL2.3.201-Ceratina_calcarata	1266	EFV-PL2.3-Apoidae	PL2	EFV-PL2	3	201	Ceratina_calcarata	low_coverage	ASM165200v1	GCA_004307685.1_ASM430768v1_genomic.fna	SHCU01006948.1	+	50	1315
EFV-PL2.3.204-Ceratina_calcarata	1161	EFV-PL2.3-Apoidae	PL2	EFV-PL2	3	204	Ceratina_calcarata	low_coverage	ASM165200v1	GCA_001652005.1_ASM165200v1_genomic.fna	LSNX01007571.1	+	3881	5041
EFV-PL2.3.205-Ceratina_calcarata	381	EFV-PL2.3-Apoidae	PL2	EFV-PL2	3	205	Ceratina_calcarata	low_coverage	ASM165200v1	GCA_001652005.1_ASM165200v1_genomic.fna	LSNX01006512.1	+	2	382
EFV-PL2.3.206-Ceratina_calcarata	327	EFV-PL2.3-Apoidae	PL2	EFV-PL2	3	206	Ceratina_calcarata	low_coverage	ASM165200v1	GCA_001652005.1_ASM165200v1_genomic.fna	LSNX01009627.1	+	2	328
EFV-PL2.3.207-Ceratina_calcarata	2316	EFV-PL2.3-Apoidae	PL2	EFV-PL2	3	207	Ceratina_calcarata	low_coverage	ASM165200v1	GCA_001652005.1_ASM165200v1_genomic.fna	LSNX01022530.1	-	1058	3373
EFV-PL2.3.210-Ceratina_calcarata	399	EFV-PL2.3-Apoidae	PL2	EFV-PL2	3	210	Ceratina_calcarata	low_coverage	ASM165200v1	GCA_001652005.1_ASM165200v1_genomic.fna	LSNX01005386.1	+	2	400
EFV-PL2.3.211-Ceratina_calcarata	258	EFV-PL2.3-Apoidae	PL2	EFV-PL2	3	211	Ceratina_calcarata	low_coverage	ASM165200v1	GCA_001652005.1_ASM165200v1_genomic.fna	LSNX01021754.1	+	3	260
EFV-PL2.3.212-Ceratina_calcarata	270	EFV-PL2.3-Apoidae	PL2	EFV-PL2	3	212	Ceratina_calcarata	low_coverage	ASM165200v1	GCA_001652005.1_ASM165200v1_genomic.fna	LSNX01019418.1	+	2	271
EFV-PL2.3.213-Ceratina_calcarata	255	EFV-PL2.3-Apoidae	PL2	EFV-PL2	3	213	Ceratina_calcarata	low_coverage	ASM165200v1	GCA_001652005.1_ASM165200v1_genomic.fna	LSNX01022624.1	+	1	255
EFV-PL2.3.214-Ceratina_calcarata	267	EFV-PL2.3-Apoidae	PL2	EFV-PL2	3	214	Ceratina_calcarata	low_coverage	ASM165200v1	GCA_001652005.1_ASM165200v1_genomic.fna	LSNX01019724.1	+	2	268
EFV-PL2.3.215-Ceratina_calcarata	171	EFV-PL2.3-Apoidae	PL2	EFV-PL2	3	215	Ceratina_calcarata	low_coverage	ASM165200v1	GCA_001652005.1_ASM165200v1_genomic.fna	LSNX01027654.1	+	2	172
EFV-PL2.3.216-Ceratina_calcarata	174	EFV-PL2.3-Apoidae	PL2	EFV-PL2	3	216	Ceratina_calcarata	low_coverage	ASM165200v1	GCA_001652005.1_ASM165200v1_genomic.fna	LSNX01030536.1	+	1	174
EFV-PL2.3.217-Ceratina_calcarata	147	EFV-PL2.3-Apoidae	PL2	EFV-PL2	3	217	Ceratina_calcarata	low_coverage	ASM165200v1	GCA_001652005.1_ASM165200v1_genomic.fna	LSNX01037518.1	+	1	147
EFV-PL2.3.218-Ceratina_calcarata	102	EFV-PL2.3-Apoidae	PL2	EFV-PL2	3	218	Ceratina_calcarata	low_coverage	ASM165200v1	GCA_001652005.1_ASM165200v1_genomic.fna	LSNX01035518.1	-	3	104
EFV-PL2.3.8-Dufourea_novaeangliae	5951	EFV-PL2.3-Apoidae	PL2	EFV-PL2	3	8	Dufourea_novaeangliae	low_coverage	ASM127255v1	GCF_001272555.1_ASM127255v1_genomic.fna	NW_015373905.1	-	1526901	1532851
EFV-PL2.3.10-Dufourea_novaeangliae	3756	EFV-PL2.3-Apoidae	PL2	EFV-PL2	3	10	Dufourea_novaeangliae	low_coverage	ASM127255v1	GCF_001272555.1_ASM127255v1_genomic.fna	NW_015374131.1	+	135751	139506
EFV-PL2.3.11-Dufourea_novaeangliae	1084	EFV-PL2.3-Apoidae	PL2	EFV-PL2	3	11	Dufourea_novaeangliae	low_coverage	ASM127255v1	GCF_001272555.1_ASM127255v1_genomic.fna	NW_015373907.1	-	13307	14390
EFV-PL2.3.51-Dufourea_novaeangliae	564	EFV-PL2.3-Apoidae	PL2	EFV-PL2	3	51	Dufourea_novaeangliae	low_coverage	ASM127255v1	GCF_001272555.1_ASM127255v1_genomic.fna	NW_015374226.1	-	12237	12800
EFV-PL2.3.53-Dufourea_novaeangliae	219	EFV-PL2.3-Apoidae	PL2	EFV-PL2	3	53	Dufourea_novaeangliae	low_coverage	ASM127255v1	GCF_001272555.1_ASM127255v1_genomic.fna	NW_015374014.1	-	468128	468346
EFV-PL2.3.70-Dufourea_novaeangliae	3628	EFV-PL2.3-Apoidae	PL2	EFV-PL2	3	70	Dufourea_novaeangliae	low_coverage	ASM127255v1	GCF_001272555.1_ASM127255v1_genomic.fna	NW_015373949.1	+	55376	59003
EFV-PL2.3.78-Dufourea_novaeangliae	2091	EFV-PL2.3-Apoidae	PL2	EFV-PL2	3	78	Dufourea_novaeangliae	low_coverage	ASM127255v1	GCF_001272555.1_ASM127255v1_genomic.fna	NW_015374131.1	+	120625	122715
EFV-PL2.3.90-Dufourea_novaeangliae	1068	EFV-PL2.3-Apoidae	PL2	EFV-PL2	3	90	Dufourea_novaeangliae	low_coverage	ASM127255v1	GCF_001272555.1_ASM127255v1_genomic.fna	NW_015374420.1	-	11308	12375
EFV-PL2.3.102-Dufourea_novaeangliae	420	EFV-PL2.3-Apoidae	PL2	EFV-PL2	3	102	Dufourea_novaeangliae	low_coverage	ASM127255v1	GCF_001272555.1_ASM127255v1_genomic.fna	NW_015374420.1	-	18973	19392
EFV-PL2.3.168-Dufourea_novaeangliae	1126	EFV-PL2.3-Apoidae	PL2	EFV-PL2	3	168	Dufourea_novaeangliae	low_coverage	ASM127255v1	GCF_001272555.1_ASM127255v1_genomic.fna	NW_015374004.1	+	745179	746304
EFV-PL2.3.192-Dufourea_novaeangliae	894	EFV-PL2.3-Apoidae	PL2	EFV-PL2	3	192	Dufourea_novaeangliae	low_coverage	ASM127255v1	GCF_001272555.1_ASM127255v1_genomic.fna	NW_015374205.1	-	287333	288226
EFV-PL2.3.209-Dufourea_novaeangliae	939	EFV-PL2.3-Apoidae	PL2	EFV-PL2	3	209	Dufourea_novaeangliae	low_coverage	ASM127255v1	GCF_001272555.1_ASM127255v1_genomic.fna	NW_015374136.1	+	2043	2981
EFV-PL2.3.15-Eufriesea_mexicana	1128	EFV-PL2.3-Apoidae	PL2	EFV-PL2	3	15	Eufriesea_mexicana	low_coverage	ASM148370v1	GCF_001483705.1_ASM148370v1_genomic.fna	NW_017094858.1	+	139	1266
EFV-PL2.3.17-Eufriesea_mexicana	826	EFV-PL2.3-Apoidae	PL2	EFV-PL2	3	17	Eufriesea_mexicana	low_coverage	ASM148370v1	GCF_001483705.1_ASM148370v1_genomic.fna	NW_016930208.1	+	3	828
EFV-PL2.3.46-Eufriesea_mexicana	168	EFV-PL2.3-Apoidae	PL2	EFV-PL2	3	46	Eufriesea_mexicana	low_coverage	ASM148370v1	GCF_001483705.1_ASM148370v1_genomic.fna	NW_017010398.1	-	37	204
EFV-PL2.3.50-Eufriesea_mexicana	771	EFV-PL2.3-Apoidae	PL2	EFV-PL2	3	50	Eufriesea_mexicana	low_coverage	ASM148370v1	GCF_001483705.1_ASM148370v1_genomic.fna	NW_016914389.1	-	28582	29352
EFV-PL2.3.73-Eufriesea_mexicana	4441	EFV-PL2.3-Apoidae	PL2	EFV-PL2	3	73	Eufriesea_mexicana	low_coverage	ASM148370v1	GCF_001483705.1_ASM148370v1_genomic.fna	NW_016916939.1	+	45737	50177
EFV-PL2.3.95-Eufriesea_mexicana	754	EFV-PL2.3-Apoidae	PL2	EFV-PL2	3	95	Eufriesea_mexicana	low_coverage	ASM148370v1	GCF_001483705.1_ASM148370v1_genomic.fna	NW_016915982.1	+	26171	26924
EFV-PL2.3.120-Eufriesea_mexicana	411	EFV-PL2.3-Apoidae	PL2	EFV-PL2	3	120	Eufriesea_mexicana	low_coverage	ASM148370v1	GCF_001483705.1_ASM148370v1_genomic.fna	NW_017092148.1	-	43	453
EFV-PL2.3.137-Eufriesea_mexicana	234	EFV-PL2.3-Apoidae	PL2	EFV-PL2	3	137	Eufriesea_mexicana	low_coverage	ASM148370v1	GCF_001483705.1_ASM148370v1_genomic.fna	NW_017058141.1	-	1	234
EFV-PL2.3.139-Eufriesea_mexicana	267	EFV-PL2.3-Apoidae	PL2	EFV-PL2	3	139	Eufriesea_mexicana	low_coverage	ASM148370v1	GCF_001483705.1_ASM148370v1_genomic.fna	NW_017076911.1	-	1	267
EFV-PL2.3.153-Eufriesea_mexicana	489	EFV-PL2.3-Apoidae	PL2	EFV-PL2	3	153	Eufriesea_mexicana	low_coverage	ASM148370v1	GCF_001483705.1_ASM148370v1_genomic.fna	NW_017092964.1	-	124	612
EFV-PL2.3.165-Eufriesea_mexicana	180	EFV-PL2.3-Apoidae	PL2	EFV-PL2	3	165	Eufriesea_mexicana	low_coverage	ASM148370v1	GCF_001483705.1_ASM148370v1_genomic.fna	NW_017014459.1	-	17	196
EFV-PL2.3.170-Eufriesea_mexicana	171	EFV-PL2.3-Apoidae	PL2	EFV-PL2	3	170	Eufriesea_mexicana	low_coverage	ASM148370v1	GCF_001483705.1_ASM148370v1_genomic.fna	NW_016923200.1	-	656	826
EFV-PL2.3.172-Eufriesea_mexicana	273	EFV-PL2.3-Apoidae	PL2	EFV-PL2	3	172	Eufriesea_mexicana	low_coverage	ASM148370v1	GCF_001483705.1_ASM148370v1_genomic.fna	NW_016907884.1	-	370	642
EFV-PL2.3.197-Eufriesea_mexicana	300	EFV-PL2.3-Apoidae	PL2	EFV-PL2	3	197	Eufriesea_mexicana	low_coverage	ASM148370v1	GCF_001483705.1_ASM148370v1_genomic.fna	NW_016934935.1	+	82	381
EFV-PL2.3.208-Eufriesea_mexicana	957	EFV-PL2.3-Apoidae	PL2	EFV-PL2	3	208	Eufriesea_mexicana	low_coverage	ASM148370v1	GCF_001483705.1_ASM148370v1_genomic.fna	NW_016930386.1	-	38731	39687
EFV-PL2.3.219-Eufriesea_mexicana	1553	EFV-PL2.3-Apoidae	PL2	EFV-PL2	3	219	Eufriesea_mexicana	low_coverage	ASM148370v1	GCF_001483705.1_ASM148370v1_genomic.fna	NW_016911683.1	-	5517	7069
EFV-PL2.3.220-Eufriesea_mexicana	255	EFV-PL2.3-Apoidae	PL2	EFV-PL2	3	220	Eufriesea_mexicana	low_coverage	ASM148370v1	GCF_001483705.1_ASM148370v1_genomic.fna	NW_016993331.1	-	3	257
EFV-PL2.3.221-Eufriesea_mexicana	5402	EFV-PL2.3-Apoidae	PL2	EFV-PL2	3	221	Eufriesea_mexicana	low_coverage	ASM148370v1	GCF_001483705.1_ASM148370v1_genomic.fna	NW_016908006.1	+	28541	33942
EFV-PL2.3.236-Eufriesea_mexicana	4772	EFV-PL2.3-Apoidae	PL2	EFV-PL2	3	236	Eufriesea_mexicana	low_coverage	ASM148370v1	GCF_001483705.1_ASM148370v1_genomic.fna	NW_016910756.1	-	8952	13723
EFV-PL2.3.241-Eufriesea_mexicana	180	EFV-PL2.3-Apoidae	PL2	EFV-PL2	3	241	Eufriesea_mexicana	low_coverage	ASM148370v1	GCF_001483705.1_ASM148370v1_genomic.fna	NW_017077887.1	+	92	271
EFV-PL2.3.255-Eufriesea_mexicana	594	EFV-PL2.3-Apoidae	PL2	EFV-PL2	3	255	Eufriesea_mexicana	low_coverage	ASM148370v1	GCF_001483705.1_ASM148370v1_genomic.fna	NW_016935298.1	+	16136	16729
EFV-PL2.3.40-Habropoda_laboriosa	373	EFV-PL2.3-Apoidae	PL2	EFV-PL2	3	40	Habropoda_laboriosa	low_coverage	ASM126327v1	GCF_001263275.1_ASM126327v1_genomic.fna	NW_017100267.1	+	190333	190705
EFV-PL2.3.52-Habropoda_laboriosa	652	EFV-PL2.3-Apoidae	PL2	EFV-PL2	3	52	Habropoda_laboriosa	low_coverage	ASM126327v1	GCF_001263275.1_ASM126327v1_genomic.fna	NW_017100786.1	-	199006	199657
EFV-PL2.3.58-Habropoda_laboriosa	225	EFV-PL2.3-Apoidae	PL2	EFV-PL2	3	58	Habropoda_laboriosa	low_coverage	ASM126327v1	GCF_001263275.1_ASM126327v1_genomic.fna	NW_017100298.1	-	256439	256663
EFV-PL2.3.115-Habropoda_laboriosa	429	EFV-PL2.3-Apoidae	PL2	EFV-PL2	3	115	Habropoda_laboriosa	low_coverage	ASM126327v1	GCF_001263275.1_ASM126327v1_genomic.fna	NW_017102650.1	+	6717	7145
EFV-PL2.3.132-Habropoda_laboriosa	605	EFV-PL2.3-Apoidae	PL2	EFV-PL2	3	132	Habropoda_laboriosa	low_coverage	ASM126327v1	GCF_001263275.1_ASM126327v1_genomic.fna	NW_017100971.1	-	94311	94915
EFV-PL2.3.166-Habropoda_laboriosa	222	EFV-PL2.3-Apoidae	PL2	EFV-PL2	3	166	Habropoda_laboriosa	low_coverage	ASM126327v1	GCF_001263275.1_ASM126327v1_genomic.fna	NW_017101204.1	+	28357	28578
EFV-PL2.3.169-Habropoda_laboriosa	231	EFV-PL2.3-Apoidae	PL2	EFV-PL2	3	169	Habropoda_laboriosa	low_coverage	ASM126327v1	GCF_001263275.1_ASM126327v1_genomic.fna	NW_017100426.1	-	163639	163869
EFV-PL2.3.225-Habropoda_laboriosa	1753	EFV-PL2.3-Apoidae	PL2	EFV-PL2	3	225	Habropoda_laboriosa	low_coverage	ASM126327v1	GCF_001263275.1_ASM126327v1_genomic.fna	NW_017100164.1	+	1459463	1461215
EFV-PL2.3.226-Habropoda_laboriosa	2469	EFV-PL2.3-Apoidae	PL2	EFV-PL2	3	226	Habropoda_laboriosa	low_coverage	ASM126327v1	GCF_001263275.1_ASM126327v1_genomic.fna	NW_017100254.1	+	262245	264713
EFV-PL2.3.227-Habropoda_laboriosa	246	EFV-PL2.3-Apoidae	PL2	EFV-PL2	3	227	Habropoda_laboriosa	low_coverage	ASM126327v1	GCF_001263275.1_ASM126327v1_genomic.fna	NW_017123952.1	+	2	247
EFV-PL2.3.230-Habropoda_laboriosa	2342	EFV-PL2.3-Apoidae	PL2	EFV-PL2	3	230	Habropoda_laboriosa	low_coverage	ASM126327v1	GCF_001263275.1_ASM126327v1_genomic.fna	NW_017100316.1	-	36036	38377
EFV-PL2.3.231-Habropoda_laboriosa	1385	EFV-PL2.3-Apoidae	PL2	EFV-PL2	3	231	Habropoda_laboriosa	low_coverage	ASM126327v1	GCF_001263275.1_ASM126327v1_genomic.fna	NW_017100397.1	+	922978	924362
EFV-PL2.3.232-Habropoda_laboriosa	2455	EFV-PL2.3-Apoidae	PL2	EFV-PL2	3	232	Habropoda_laboriosa	low_coverage	ASM126327v1	GCF_001263275.1_ASM126327v1_genomic.fna	NW_017100498.1	+	182171	184625
EFV-PL2.3.233-Habropoda_laboriosa	327	EFV-PL2.3-Apoidae	PL2	EFV-PL2	3	233	Habropoda_laboriosa	low_coverage	ASM126327v1	GCF_001263275.1_ASM126327v1_genomic.fna	NW_017100298.1	-	209745	210071
EFV-PL2.3.234-Habropoda_laboriosa	1104	EFV-PL2.3-Apoidae	PL2	EFV-PL2	3	234	Habropoda_laboriosa	low_coverage	ASM126327v1	GCF_001263275.1_ASM126327v1_genomic.fna	NW_017100671.1	+	48754	49857
EFV-PL2.3.235-Habropoda_laboriosa	198	EFV-PL2.3-Apoidae	PL2	EFV-PL2	3	235	Habropoda_laboriosa	low_coverage	ASM126327v1	GCF_001263275.1_ASM126327v1_genomic.fna	NW_017100397.1	+	955329	955526
EFV-PL2.3.242-Habropoda_laboriosa	3023	EFV-PL2.3-Apoidae	PL2	EFV-PL2	3	242	Habropoda_laboriosa	low_coverage	ASM126327v1	GCF_001263275.1_ASM126327v1_genomic.fna	NW_017100753.1	+	21612	24634
EFV-PL2.3.243-Habropoda_laboriosa	3707	EFV-PL2.3-Apoidae	PL2	EFV-PL2	3	243	Habropoda_laboriosa	low_coverage	ASM126327v1	GCF_001263275.1_ASM126327v1_genomic.fna	NW_017101451.1	+	32588	36294
EFV-PL2.3.244-Habropoda_laboriosa	1862	EFV-PL2.3-Apoidae	PL2	EFV-PL2	3	244	Habropoda_laboriosa	low_coverage	ASM126327v1	GCF_001263275.1_ASM126327v1_genomic.fna	NW_017100833.1	+	47702	49563
EFV-PL2.3.245-Habropoda_laboriosa	2213	EFV-PL2.3-Apoidae	PL2	EFV-PL2	3	245	Habropoda_laboriosa	low_coverage	ASM126327v1	GCF_001263275.1_ASM126327v1_genomic.fna	NW_017100896.1	-	321642	323854
EFV-PL2.3.246-Habropoda_laboriosa	10396	EFV-PL2.3-Apoidae	PL2	EFV-PL2	3	246	Habropoda_laboriosa	low_coverage	ASM126327v1	GCF_001263275.1_ASM126327v1_genomic.fna	NW_017100158.1	-	320175	330570
EFV-PL2.3.252-Habropoda_laboriosa	4221	EFV-PL2.3-Apoidae	PL2	EFV-PL2	3	252	Habropoda_laboriosa	low_coverage	ASM126327v1	GCF_001263275.1_ASM126327v1_genomic.fna	NW_017100152.1	-	1892731	1896951
EFV-PL2.3.256-Habropoda_laboriosa	372	EFV-PL2.3-Apoidae	PL2	EFV-PL2	3	256	Habropoda_laboriosa	low_coverage	ASM126327v1	GCF_001263275.1_ASM126327v1_genomic.fna	NW_017100814.1	-	92423	92794
EFV-PL2.3.54-Lasioglossum_albipes	183	EFV-PL2.3-Apoidae	PL2	EFV-PL2	3	54	Lasioglossum_albipes	low_coverage	ASM34657v1	GCA_000346575.1_ASM34657v1_genomic.fna	KB641283.1	+	430729	430911
EFV-PL2.3.147-Lasioglossum_albipes	747	EFV-PL2.3-Apoidae	PL2	EFV-PL2	3	147	Lasioglossum_albipes	low_coverage	ASM34657v1	GCA_000346575.1_ASM34657v1_genomic.fna	KB639126.1	+	54847	55593
EFV-PL2.3.202-Lasioglossum_albipes	576	EFV-PL2.3-Apoidae	PL2	EFV-PL2	3	202	Lasioglossum_albipes	low_coverage	ASM34657v1	GCA_000346575.1_ASM34657v1_genomic.fna	KB641373.1	-	445	1020
EFV-PL2.3.203-Lasioglossum_albipes	576	EFV-PL2.3-Apoidae	PL2	EFV-PL2	3	203	Lasioglossum_albipes	low_coverage	ASM34657v1	GCA_000346575.1_ASM34657v1_genomic.fna	KB640114.1	+	14000	14575
EFV-PL2.3.253-Lasioglossum_albipes	1019	EFV-PL2.3-Apoidae	PL2	EFV-PL2	3	253	Lasioglossum_albipes	low_coverage	ASM34657v1	GCA_000346575.1_ASM34657v1_genomic.fna	KB639126.1	+	27398	28416
EFV-PL2.3.254-Lasioglossum_albipes	5097	EFV-PL2.3-Apoidae	PL2	EFV-PL2	3	254	Lasioglossum_albipes	low_coverage	ASM34657v1	GCA_000346575.1_ASM34657v1_genomic.fna	KB640877.1	-	76903	81999
EFV-PL2.3.1-Megachile_rotundata	2189	EFV-PL2.3-Apoidae	PL2	EFV-PL2	3	1	Megachile_rotundata	low_coverage	MROT_1.0	mro_ref_MROT_1.0_chrUn.fa	gi|383080474|ref|NW_003797246.1|	-	118872	121060
EFV-PL2.3.2-Megachile_rotundata	1414	EFV-PL2.3-Apoidae	PL2	EFV-PL2	3	2	Megachile_rotundata	low_coverage	MROT_1.0	mro_ref_MROT_1.0_chrUn.fa	gi|383080150|ref|NW_003797570.1|	+	46464	47877
EFV-PL2.3.3-Megachile_rotundata	3975	EFV-PL2.3-Apoidae	PL2	EFV-PL2	3	3	Megachile_rotundata	low_coverage	MROT_1.0	mro_ref_MROT_1.0_chrUn.fa	gi|383080609|ref|NW_003797111.1|	-	67412	71386
EFV-PL2.3.4-Megachile_rotundata	13933	EFV-PL2.3-Apoidae	PL2	EFV-PL2	3	4	Megachile_rotundata	low_coverage	MROT_1.0	mro_ref_MROT_1.0_chrUn.fa	gi|383079799|ref|NW_003797921.1|	+	3441	17373
EFV-PL2.3.5-Megachile_rotundata	6810	EFV-PL2.3-Apoidae	PL2	EFV-PL2	3	5	Megachile_rotundata	low_coverage	MROT_1.0	mro_ref_MROT_1.0_chrUn.fa	gi|383080599|ref|NW_003797121.1|	+	20669	27478
EFV-PL2.3.6-Megachile_rotundata	5824	EFV-PL2.3-Apoidae	PL2	EFV-PL2	3	6	Megachile_rotundata	low_coverage	MROT_1.0	mro_ref_MROT_1.0_chrUn.fa	gi|383080209|ref|NW_003797511.1|	-	421737	427560
EFV-PL2.3.9-Megachile_rotundata	6307	EFV-PL2.3-Apoidae	PL2	EFV-PL2	3	9	Megachile_rotundata	low_coverage	MROT_1.0	mro_ref_MROT_1.0_chrUn.fa	gi|383080136|ref|NW_003797584.1|	-	8584	14890
EFV-PL2.3.12-Megachile_rotundata	1062	EFV-PL2.3-Apoidae	PL2	EFV-PL2	3	12	Megachile_rotundata	low_coverage	MROT_1.0	mro_ref_MROT_1.0_chrUn.fa	gi|383080230|ref|NW_003797490.1|	-	10066	11127
EFV-PL2.3.13-Megachile_rotundata	3121	EFV-PL2.3-Apoidae	PL2	EFV-PL2	3	13	Megachile_rotundata	low_coverage	MROT_1.0	mro_ref_MROT_1.0_chrUn.fa	gi|383080073|ref|NW_003797647.1|	-	50884	54004
EFV-PL2.3.14-Megachile_rotundata	921	EFV-PL2.3-Apoidae	PL2	EFV-PL2	3	14	Megachile_rotundata	low_coverage	MROT_1.0	mro_ref_MROT_1.0_chrUn.fa	gi|383080482|ref|NW_003797238.1|	-	319277	320197
EFV-PL2.3.16-Megachile_rotundata	765	EFV-PL2.3-Apoidae	PL2	EFV-PL2	3	16	Megachile_rotundata	low_coverage	MROT_1.0	mro_ref_MROT_1.0_chrUn.fa	gi|383080531|ref|NW_003797189.1|	-	124287	125051
EFV-PL2.3.48-Megachile_rotundata	9714	EFV-PL2.3-Apoidae	PL2	EFV-PL2	3	48	Megachile_rotundata	low_coverage	MROT_1.0	mro_ref_MROT_1.0_chrUn.fa	gi|383080175|ref|NW_003797545.1|	-	58856	68569
EFV-PL2.3.49-Megachile_rotundata	5897	EFV-PL2.3-Apoidae	PL2	EFV-PL2	3	49	Megachile_rotundata	low_coverage	MROT_1.0	mro_ref_MROT_1.0_chrUn.fa	gi|383080432|ref|NW_003797288.1|	+	39710	45606
EFV-PL2.3.55-Megachile_rotundata	2190	EFV-PL2.3-Apoidae	PL2	EFV-PL2	3	55	Megachile_rotundata	low_coverage	MROT_1.0	mro_ref_MROT_1.0_chrUn.fa	gi|383080448|ref|NW_003797272.1|	+	83178	85367
EFV-PL2.3.56-Megachile_rotundata	4248	EFV-PL2.3-Apoidae	PL2	EFV-PL2	3	56	Megachile_rotundata	low_coverage	MROT_1.0	mro_ref_MROT_1.0_chrUn.fa	gi|383079472|ref|NW_003798129.1|	+	49028	53275
EFV-PL2.3.57-Megachile_rotundata	918	EFV-PL2.3-Apoidae	PL2	EFV-PL2	3	57	Megachile_rotundata	low_coverage	MROT_1.0	mro_ref_MROT_1.0_chrUn.fa	gi|383061926|ref|NW_003803131.1|	+	4	921
EFV-PL2.3.75-Megachile_rotundata	1557	EFV-PL2.3-Apoidae	PL2	EFV-PL2	3	75	Megachile_rotundata	low_coverage	MROT_1.0	mro_ref_MROT_1.0_chrUn.fa	gi|383080209|ref|NW_003797511.1|	-	439045	440601
EFV-PL2.3.76-Megachile_rotundata	7425	EFV-PL2.3-Apoidae	PL2	EFV-PL2	3	76	Megachile_rotundata	low_coverage	MROT_1.0	mro_ref_MROT_1.0_chrUn.fa	gi|383079910|ref|NW_003797810.1|	-	4580	12004
EFV-PL2.3.77-Megachile_rotundata	1341	EFV-PL2.3-Apoidae	PL2	EFV-PL2	3	77	Megachile_rotundata	low_coverage	MROT_1.0	mro_ref_MROT_1.0_chrUn.fa	gi|383078751|ref|NW_003798350.1|	-	3	1343
EFV-PL2.3.84-Megachile_rotundata	1492	EFV-PL2.3-Apoidae	PL2	EFV-PL2	3	84	Megachile_rotundata	low_coverage	MROT_1.0	mro_ref_MROT_1.0_chrUn.fa	gi|383080230|ref|NW_003797490.1|	-	234	1725
EFV-PL2.3.105-Megachile_rotundata	411	EFV-PL2.3-Apoidae	PL2	EFV-PL2	3	105	Megachile_rotundata	low_coverage	MROT_1.0	mro_ref_MROT_1.0_chrUn.fa	gi|383080275|ref|NW_003797445.1|	+	110805	111215
EFV-PL2.3.151-Megachile_rotundata	357	EFV-PL2.3-Apoidae	PL2	EFV-PL2	3	151	Megachile_rotundata	low_coverage	MROT_1.0	mro_ref_MROT_1.0_chrUn.fa	gi|383079556|ref|NW_003798105.1|	+	79	435
EFV-PL2.3.154-Megachile_rotundata	548	EFV-PL2.3-Apoidae	PL2	EFV-PL2	3	154	Megachile_rotundata	low_coverage	MROT_1.0	mro_ref_MROT_1.0_chrUn.fa	gi|383076257|ref|NW_003799095.1|	-	161	708
EFV-PL2.3.228-Megachile_rotundata	620	EFV-PL2.3-Apoidae	PL2	EFV-PL2	3	228	Megachile_rotundata	low_coverage	MROT_1.0	mro_ref_MROT_1.0_chrUn.fa	gi|383080422|ref|NW_003797298.1|	+	3077	3696
EFV-PL2.3.229-Megachile_rotundata	162	EFV-PL2.3-Apoidae	PL2	EFV-PL2	3	229	Megachile_rotundata	low_coverage	MROT_1.0	mro_ref_MROT_1.0_chrUn.fa	gi|383080482|ref|NW_003797238.1|	-	330455	330616
EFV-PL2.3.247-Megachile_rotundata	7837	EFV-PL2.3-Apoidae	PL2	EFV-PL2	3	247	Megachile_rotundata	low_coverage	MROT_1.0	mro_ref_MROT_1.0_chrUn.fa	gi|383080474|ref|NW_003797246.1|	-	130490	138326
EFV-PL2.3.248-Megachile_rotundata	288	EFV-PL2.3-Apoidae	PL2	EFV-PL2	3	248	Megachile_rotundata	low_coverage	MROT_1.0	mro_ref_MROT_1.0_chrUn.fa	gi|383064719|ref|NW_003802216.1|	+	18	305
EFV-PL2.3.249-Megachile_rotundata	252	EFV-PL2.3-Apoidae	PL2	EFV-PL2	3	249	Megachile_rotundata	low_coverage	MROT_1.0	mro_ref_MROT_1.0_chrUn.fa	gi|383066446|ref|NW_003801728.1|	-	3	254
EFV-PL2.3.250-Megachile_rotundata	357	EFV-PL2.3-Apoidae	PL2	EFV-PL2	3	250	Megachile_rotundata	low_coverage	MROT_1.0	mro_ref_MROT_1.0_chrUn.fa	gi|383071635|ref|NW_003800314.1|	-	1	357
EFV-PL2.3.251-Megachile_rotundata	153	EFV-PL2.3-Apoidae	PL2	EFV-PL2	3	251	Megachile_rotundata	low_coverage	MROT_1.0	mro_ref_MROT_1.0_chrUn.fa	gi|383071633|ref|NW_003800315.1|	-	191	343
EFV-PL2.3.7-Nomia_melanderi	4895	EFV-PL2.3-Apoidae	PL2	EFV-PL2	3	7	Nomia_melanderi	low_coverage	GCA_003710045	GCA_003710045.1_USU_Nmel_1.2_genomic.fna	REGV01050064.1	-	2639	7533
EFV-PL2.3.18-Nomia_melanderi	718	EFV-PL2.3-Apoidae	PL2	EFV-PL2	3	18	Nomia_melanderi	low_coverage	GCA_003710045	GCA_003710045.1_USU_Nmel_1.2_genomic.fna	REGV01085978.1	-	2	719
EFV-PL2.3.19-Nomia_melanderi	576	EFV-PL2.3-Apoidae	PL2	EFV-PL2	3	19	Nomia_melanderi	low_coverage	GCA_003710045	GCA_003710045.1_USU_Nmel_1.2_genomic.fna	REGV01028602.1	-	2	577
EFV-PL2.3.20-Nomia_melanderi	570	EFV-PL2.3-Apoidae	PL2	EFV-PL2	3	20	Nomia_melanderi	low_coverage	GCA_003710045	GCA_003710045.1_USU_Nmel_1.2_genomic.fna	REGV01028599.1	-	2	571
EFV-PL2.3.21-Nomia_melanderi	471	EFV-PL2.3-Apoidae	PL2	EFV-PL2	3	21	Nomia_melanderi	low_coverage	GCA_003710045	GCA_003710045.1_USU_Nmel_1.2_genomic.fna	REGV01036200.1	-	2	472
EFV-PL2.3.22-Nomia_melanderi	540	EFV-PL2.3-Apoidae	PL2	EFV-PL2	3	22	Nomia_melanderi	low_coverage	GCA_003710045	GCA_003710045.1_USU_Nmel_1.2_genomic.fna	REGV01058708.1	-	33	572
EFV-PL2.3.23-Nomia_melanderi	539	EFV-PL2.3-Apoidae	PL2	EFV-PL2	3	23	Nomia_melanderi	low_coverage	GCA_003710045	GCA_003710045.1_USU_Nmel_1.2_genomic.fna	REGV01058706.1	-	33	571
EFV-PL2.3.24-Nomia_melanderi	318	EFV-PL2.3-Apoidae	PL2	EFV-PL2	3	24	Nomia_melanderi	low_coverage	GCA_003710045	GCA_003710045.1_USU_Nmel_1.2_genomic.fna	REGV01092706.1	-	2	319
EFV-PL2.3.25-Nomia_melanderi	294	EFV-PL2.3-Apoidae	PL2	EFV-PL2	3	25	Nomia_melanderi	low_coverage	GCA_003710045	GCA_003710045.1_USU_Nmel_1.2_genomic.fna	REGV01075133.1	-	2	295
EFV-PL2.3.26-Nomia_melanderi	318	EFV-PL2.3-Apoidae	PL2	EFV-PL2	3	26	Nomia_melanderi	low_coverage	GCA_003710045	GCA_003710045.1_USU_Nmel_1.2_genomic.fna	REGV01037586.1	-	2	319
EFV-PL2.3.27-Nomia_melanderi	300	EFV-PL2.3-Apoidae	PL2	EFV-PL2	3	27	Nomia_melanderi	low_coverage	GCA_003710045	GCA_003710045.1_USU_Nmel_1.2_genomic.fna	REGV01033936.1	-	2	301
EFV-PL2.3.28-Nomia_melanderi	411	EFV-PL2.3-Apoidae	PL2	EFV-PL2	3	28	Nomia_melanderi	low_coverage	GCA_003710045	GCA_003710045.1_USU_Nmel_1.2_genomic.fna	REGV01015499.1	-	1	411
EFV-PL2.3.29-Nomia_melanderi	255	EFV-PL2.3-Apoidae	PL2	EFV-PL2	3	29	Nomia_melanderi	low_coverage	GCA_003710045	GCA_003710045.1_USU_Nmel_1.2_genomic.fna	REGV01016021.1	-	3	257
EFV-PL2.3.30-Nomia_melanderi	450	EFV-PL2.3-Apoidae	PL2	EFV-PL2	3	30	Nomia_melanderi	low_coverage	GCA_003710045	GCA_003710045.1_USU_Nmel_1.2_genomic.fna	REGV01084028.1	-	2	451
EFV-PL2.3.31-Nomia_melanderi	258	EFV-PL2.3-Apoidae	PL2	EFV-PL2	3	31	Nomia_melanderi	low_coverage	GCA_003710045	GCA_003710045.1_USU_Nmel_1.2_genomic.fna	REGV01033935.1	-	2	259
EFV-PL2.3.32-Nomia_melanderi	450	EFV-PL2.3-Apoidae	PL2	EFV-PL2	3	32	Nomia_melanderi	low_coverage	GCA_003710045	GCA_003710045.1_USU_Nmel_1.2_genomic.fna	REGV01034394.1	-	2	451
EFV-PL2.3.33-Nomia_melanderi	249	EFV-PL2.3-Apoidae	PL2	EFV-PL2	3	33	Nomia_melanderi	low_coverage	GCA_003710045	GCA_003710045.1_USU_Nmel_1.2_genomic.fna	REGV01075132.1	-	2	250
EFV-PL2.3.34-Nomia_melanderi	393	EFV-PL2.3-Apoidae	PL2	EFV-PL2	3	34	Nomia_melanderi	low_coverage	GCA_003710045	GCA_003710045.1_USU_Nmel_1.2_genomic.fna	REGV01091755.1	-	3	395
EFV-PL2.3.35-Nomia_melanderi	416	EFV-PL2.3-Apoidae	PL2	EFV-PL2	3	35	Nomia_melanderi	low_coverage	GCA_003710045	GCA_003710045.1_USU_Nmel_1.2_genomic.fna	REGV01074717.1	-	6	421
EFV-PL2.3.36-Nomia_melanderi	450	EFV-PL2.3-Apoidae	PL2	EFV-PL2	3	36	Nomia_melanderi	low_coverage	GCA_003710045	GCA_003710045.1_USU_Nmel_1.2_genomic.fna	REGV01092516.1	-	2	451
EFV-PL2.3.37-Nomia_melanderi	333	EFV-PL2.3-Apoidae	PL2	EFV-PL2	3	37	Nomia_melanderi	low_coverage	GCA_003710045	GCA_003710045.1_USU_Nmel_1.2_genomic.fna	REGV01093916.1	-	1	333
EFV-PL2.3.38-Nomia_melanderi	231	EFV-PL2.3-Apoidae	PL2	EFV-PL2	3	38	Nomia_melanderi	low_coverage	GCA_003710045	GCA_003710045.1_USU_Nmel_1.2_genomic.fna	REGV01035729.1	-	1	231
EFV-PL2.3.39-Nomia_melanderi	231	EFV-PL2.3-Apoidae	PL2	EFV-PL2	3	39	Nomia_melanderi	low_coverage	GCA_003710045	GCA_003710045.1_USU_Nmel_1.2_genomic.fna	REGV01035730.1	-	1	231
EFV-PL2.3.41-Nomia_melanderi	351	EFV-PL2.3-Apoidae	PL2	EFV-PL2	3	41	Nomia_melanderi	low_coverage	GCA_003710045	GCA_003710045.1_USU_Nmel_1.2_genomic.fna	REGV01018078.1	-	1	351
EFV-PL2.3.42-Nomia_melanderi	351	EFV-PL2.3-Apoidae	PL2	EFV-PL2	3	42	Nomia_melanderi	low_coverage	GCA_003710045	GCA_003710045.1_USU_Nmel_1.2_genomic.fna	REGV01018080.1	-	1	351
EFV-PL2.3.43-Nomia_melanderi	153	EFV-PL2.3-Apoidae	PL2	EFV-PL2	3	43	Nomia_melanderi	low_coverage	GCA_003710045	GCA_003710045.1_USU_Nmel_1.2_genomic.fna	REGV01092169.1	-	128	280
EFV-PL2.3.44-Nomia_melanderi	252	EFV-PL2.3-Apoidae	PL2	EFV-PL2	3	44	Nomia_melanderi	low_coverage	GCA_003710045	GCA_003710045.1_USU_Nmel_1.2_genomic.fna	REGV01072449.1	-	50	301
EFV-PL2.3.45-Nomia_melanderi	213	EFV-PL2.3-Apoidae	PL2	EFV-PL2	3	45	Nomia_melanderi	low_coverage	GCA_003710045	GCA_003710045.1_USU_Nmel_1.2_genomic.fna	REGV01084029.1	-	2	214
EFV-PL2.3.96-Nomia_melanderi	548	EFV-PL2.3-Apoidae	PL2	EFV-PL2	3	96	Nomia_melanderi	low_coverage	GCA_003710045	GCA_003710045.1_USU_Nmel_1.2_genomic.fna	REGV01061581.1	-	1	548
EFV-PL2.3.98-Nomia_melanderi	811	EFV-PL2.3-Apoidae	PL2	EFV-PL2	3	98	Nomia_melanderi	low_coverage	GCA_003710045	GCA_003710045.1_USU_Nmel_1.2_genomic.fna	REGV01004661.1	+	202746	203556
EFV-PL2.3.114-Nomia_melanderi	330	EFV-PL2.3-Apoidae	PL2	EFV-PL2	3	114	Nomia_melanderi	low_coverage	GCA_003710045	GCA_003710045.1_USU_Nmel_1.2_genomic.fna	REGV01045941.1	-	3	332
EFV-PL2.3.128-Nomia_melanderi	297	EFV-PL2.3-Apoidae	PL2	EFV-PL2	3	128	Nomia_melanderi	low_coverage	GCA_003710045	GCA_003710045.1_USU_Nmel_1.2_genomic.fna	REGV01088360.1	-	1	297
EFV-PL2.3.130-Nomia_melanderi	411	EFV-PL2.3-Apoidae	PL2	EFV-PL2	3	130	Nomia_melanderi	low_coverage	GCA_003710045	GCA_003710045.1_USU_Nmel_1.2_genomic.fna	REGV01091197.1	-	2	412
EFV-PL2.3.131-Nomia_melanderi	411	EFV-PL2.3-Apoidae	PL2	EFV-PL2	3	131	Nomia_melanderi	low_coverage	GCA_003710045	GCA_003710045.1_USU_Nmel_1.2_genomic.fna	REGV01013577.1	-	2	412
EFV-PL2.3.135-Nomia_melanderi	255	EFV-PL2.3-Apoidae	PL2	EFV-PL2	3	135	Nomia_melanderi	low_coverage	GCA_003710045	GCA_003710045.1_USU_Nmel_1.2_genomic.fna	REGV01045940.1	-	3	257
EFV-PL2.3.138-Nomia_melanderi	297	EFV-PL2.3-Apoidae	PL2	EFV-PL2	3	138	Nomia_melanderi	low_coverage	GCA_003710045	GCA_003710045.1_USU_Nmel_1.2_genomic.fna	REGV01016959.1	-	2	298
EFV-PL2.3.146-Nomia_melanderi	294	EFV-PL2.3-Apoidae	PL2	EFV-PL2	3	146	Nomia_melanderi	low_coverage	GCA_003710045	GCA_003710045.1_USU_Nmel_1.2_genomic.fna	REGV01016177.1	-	8	301
EFV-PL2.3.149-Nomia_melanderi	222	EFV-PL2.3-Apoidae	PL2	EFV-PL2	3	149	Nomia_melanderi	low_coverage	GCA_003710045	GCA_003710045.1_USU_Nmel_1.2_genomic.fna	REGV01088361.1	-	1	222
EFV-PL2.3.150-Nomia_melanderi	255	EFV-PL2.3-Apoidae	PL2	EFV-PL2	3	150	Nomia_melanderi	low_coverage	GCA_003710045	GCA_003710045.1_USU_Nmel_1.2_genomic.fna	REGV01091174.1	-	9	263
EFV-PL2.3.152-Nomia_melanderi	516	EFV-PL2.3-Apoidae	PL2	EFV-PL2	3	152	Nomia_melanderi	low_coverage	GCA_003710045	GCA_003710045.1_USU_Nmel_1.2_genomic.fna	REGV01091564.1	-	2	517
EFV-PL2.3.157-Nomia_melanderi	285	EFV-PL2.3-Apoidae	PL2	EFV-PL2	3	157	Nomia_melanderi	low_coverage	GCA_003710045	GCA_003710045.1_USU_Nmel_1.2_genomic.fna	REGV01093040.1	-	7	291
EFV-PL2.3.159-Nomia_melanderi	285	EFV-PL2.3-Apoidae	PL2	EFV-PL2	3	159	Nomia_melanderi	low_coverage	GCA_003710045	GCA_003710045.1_USU_Nmel_1.2_genomic.fna	REGV01065152.1	-	9	293
EFV-PL2.3.160-Nomia_melanderi	285	EFV-PL2.3-Apoidae	PL2	EFV-PL2	3	160	Nomia_melanderi	low_coverage	GCA_003710045	GCA_003710045.1_USU_Nmel_1.2_genomic.fna	REGV01065153.1	-	9	293
EFV-PL2.3.161-Nomia_melanderi	222	EFV-PL2.3-Apoidae	PL2	EFV-PL2	3	161	Nomia_melanderi	low_coverage	GCA_003710045	GCA_003710045.1_USU_Nmel_1.2_genomic.fna	REGV01028072.1	-	3	224
EFV-PL2.3.162-Nomia_melanderi	249	EFV-PL2.3-Apoidae	PL2	EFV-PL2	3	162	Nomia_melanderi	low_coverage	GCA_003710045	GCA_003710045.1_USU_Nmel_1.2_genomic.fna	REGV01016176.1	-	8	256
EFV-PL2.3.163-Nomia_melanderi	177	EFV-PL2.3-Apoidae	PL2	EFV-PL2	3	163	Nomia_melanderi	low_coverage	GCA_003710045	GCA_003710045.1_USU_Nmel_1.2_genomic.fna	REGV01091118.1	-	76	252
EFV-PL2.3.222-Nomia_melanderi	453	EFV-PL2.3-Apoidae	PL2	EFV-PL2	3	222	Nomia_melanderi	low_coverage	GCA_003710045	GCA_003710045.1_USU_Nmel_1.2_genomic.fna	REGV01093438.1	-	2	454
EFV-PL2.3.223-Nomia_melanderi	384	EFV-PL2.3-Apoidae	PL2	EFV-PL2	3	223	Nomia_melanderi	low_coverage	GCA_003710045	GCA_003710045.1_USU_Nmel_1.2_genomic.fna	REGV01092441.1	-	1	384
EFV-PL2.3.224-Nomia_melanderi	384	EFV-PL2.3-Apoidae	PL2	EFV-PL2	3	224	Nomia_melanderi	low_coverage	GCA_003710045	GCA_003710045.1_USU_Nmel_1.2_genomic.fna	REGV01033365.1	-	1	384
EFV-PL2.3.237-Nomia_melanderi	297	EFV-PL2.3-Apoidae	PL2	EFV-PL2	3	237	Nomia_melanderi	low_coverage	GCA_003710045	GCA_003710045.1_USU_Nmel_1.2_genomic.fna	REGV01048206.1	-	3	299
EFV-PL2.3.238-Nomia_melanderi	297	EFV-PL2.3-Apoidae	PL2	EFV-PL2	3	238	Nomia_melanderi	low_coverage	GCA_003710045	GCA_003710045.1_USU_Nmel_1.2_genomic.fna	REGV01093320.1	-	3	299
EFV-PL2.3.239-Nomia_melanderi	216	EFV-PL2.3-Apoidae	PL2	EFV-PL2	3	239	Nomia_melanderi	low_coverage	GCA_003710045	GCA_003710045.1_USU_Nmel_1.2_genomic.fna	REGV01093291.1	-	27	242
EFV-PL2.3.240-Nomia_melanderi	306	EFV-PL2.3-Apoidae	PL2	EFV-PL2	3	240	Nomia_melanderi	low_coverage	GCA_003710045	GCA_003710045.1_USU_Nmel_1.2_genomic.fna	REGV01092580.1	-	8	313
EFV-PL2.3.257-Nomia_melanderi	2653	EFV-PL2.3-Apoidae	PL2	EFV-PL2	3	257	Nomia_melanderi	low_coverage	GCA_003710045	GCA_003710045.1_USU_Nmel_1.2_genomic.fna	REGV01000573.1	-	4809615	4812267
EFV-PL2.3.258-Nomia_melanderi	3055	EFV-PL2.3-Apoidae	PL2	EFV-PL2	3	258	Nomia_melanderi	low_coverage	GCA_003710045	GCA_003710045.1_USU_Nmel_1.2_genomic.fna	REGV01000573.1	-	4789683	4792737
EFV-PL2.3.83-Osmia_bicornis_bicornis	4823	EFV-PL2.3-Apoidae	PL2	EFV-PL2	3	83	Osmia_bicornis_bicornis	low_coverage	Obicornis_v3	GCA_004153925.1_Obicornis_v3_genomic.fna	MPJT01000491.1	-	16257	21079
EFV-PL2.4.2-Andricus_curvator	1842	EFV-PL2.4-Andricus	PL2	EFV-PL2	4	2	Andricus_curvator	low_coverage	Andcurv	GCA_900474205.1_Andcurv_genomic.fna	UWUC012241304.1	+	1185	3026
EFV-PL2.4.2-Andricus_curvator	6440	EFV-PL2.4-Andricus	PL2	EFV-PL2	4	3	Andricus_curvator	low_coverage	Andcurv	GCA_900474205.1_Andcurv_genomic.fna	UWUC012385754.1	+	220	6659
EFV-PL2.4.1-Andricus_quercusramuli	7927	EFV-PL2.4-Andricus	PL2	EFV-PL2	4	1	Andricus_quercusramuli	low_coverage	Andqra	GCA_900474265.1_Andqra_genomic.fna	UWUE012530407.1	+	71	7997
EFV-PL2.4.1-Andricus_quercusramuli	1062	EFV-PL2.4-Andricus	PL2	EFV-PL2	4	1	Andricus_quercusramuli	low_coverage	Andqra	GCA_900474265.1_Andqra_genomic.fna	UWUE012419155.1	-	45	1106
EFV-PL2.5.1-Anoplophora_glabripennis	351	EFV-PL2.5-AnoGla	PL2	EFV-PL2	5	1	Anoplophora_glabripennis	low_coverage	Agla_1.0	GCA_000390285.1_Agla_1.0_genomic.fna	KB933796.1	+	242392	242742
EFV-PL2.6.1-Xenocatantops_brachycerus	16813	EFV-PL2.6-XenBra	PL2	EFV-PL2	6	1	Xenocatantops_brachycerus	low_coverage	ASM90024965v1	GCA_900249655.1_ASM90024965v1_genomic.fna	OFSG01001798.1	-	488	17300
EFV-PL2.6.2-Xenocatantops_brachycerus	7017	EFV-PL2.6-XenBra	PL2	EFV-PL2	6	2	Xenocatantops_brachycerus	low_coverage	ASM90024965v1	GCA_900249655.1_ASM90024965v1_genomic.fna	OFSG01020321.1	-	489	7505
EFV-PL2.6.3-Xenocatantops_brachycerus	6021	EFV-PL2.6-XenBra	PL2	EFV-PL2	6	3	Xenocatantops_brachycerus	low_coverage	ASM90024965v1	GCA_900249655.1_ASM90024965v1_genomic.fna	OFSG01039133.1	-	492	6512
EFV-PL2.6.4-Xenocatantops_brachycerus	1479	EFV-PL2.6-XenBra	PL2	EFV-PL2	6	4	Xenocatantops_brachycerus	low_coverage	ASM90024965v1	GCA_900249655.1_ASM90024965v1_genomic.fna	OFSG01039142.1	-	13	1491
EFV-PL2.6.5-Xenocatantops_brachycerus	1107	EFV-PL2.6-XenBra	PL2	EFV-PL2	6	5	Xenocatantops_brachycerus	low_coverage	ASM90024965v1	GCA_900249655.1_ASM90024965v1_genomic.fna	OFSG01039583.1	-	24	1130
EFV-PL2.6.6-Xenocatantops_brachycerus	999	EFV-PL2.6-XenBra	PL2	EFV-PL2	6	6	Xenocatantops_brachycerus	low_coverage	ASM90024965v1	GCA_900249655.1_ASM90024965v1_genomic.fna	OFSG01031643.1	+	24	1022
EFV-PL2.6.7-Xenocatantops_brachycerus	666	EFV-PL2.6-XenBra	PL2	EFV-PL2	6	7	Xenocatantops_brachycerus	low_coverage	ASM90024965v1	GCA_900249655.1_ASM90024965v1_genomic.fna	OFSG01039134.1	-	8	673
EFV-PL2.6.8-Xenocatantops_brachycerus	711	EFV-PL2.6-XenBra	PL2	EFV-PL2	6	8	Xenocatantops_brachycerus	low_coverage	ASM90024965v1	GCA_900249655.1_ASM90024965v1_genomic.fna	OFSG01027522.1	-	2	712
EFV-PL2.6.9-Xenocatantops_brachycerus	684	EFV-PL2.6-XenBra	PL2	EFV-PL2	6	9	Xenocatantops_brachycerus	low_coverage	ASM90024965v1	GCA_900249655.1_ASM90024965v1_genomic.fna	OFSG01039197.1	+	910	1593
EFV-PL2.6.10-Xenocatantops_brachycerus	513	EFV-PL2.6-XenBra	PL2	EFV-PL2	6	10	Xenocatantops_brachycerus	low_coverage	ASM90024965v1	GCA_900249655.1_ASM90024965v1_genomic.fna	OFSG01027479.1	+	1	513
EFV-PL2.6.11-Xenocatantops_brachycerus	480	EFV-PL2.6-XenBra	PL2	EFV-PL2	6	11	Xenocatantops_brachycerus	low_coverage	ASM90024965v1	GCA_900249655.1_ASM90024965v1_genomic.fna	OFSG01001800.1	+	2343	2822
EFV-PL2.6.12-Xenocatantops_brachycerus	480	EFV-PL2.6-XenBra	PL2	EFV-PL2	6	12	Xenocatantops_brachycerus	low_coverage	ASM90024965v1	GCA_900249655.1_ASM90024965v1_genomic.fna	OFSG01001802.1	-	173	652
EFV-PL2.6.13-Xenocatantops_brachycerus	492	EFV-PL2.6-XenBra	PL2	EFV-PL2	6	13	Xenocatantops_brachycerus	low_coverage	ASM90024965v1	GCA_900249655.1_ASM90024965v1_genomic.fna	OFSG01001799.1	+	2343	2834
EFV-PL2.6.14-Xenocatantops_brachycerus	273	EFV-PL2.6-XenBra	PL2	EFV-PL2	6	14	Xenocatantops_brachycerus	low_coverage	ASM90024965v1	GCA_900249655.1_ASM90024965v1_genomic.fna	OFSG01040772.1	-	1	273
EFV-PL2.6.15-Xenocatantops_brachycerus	222	EFV-PL2.6-XenBra	PL2	EFV-PL2	6	15	Xenocatantops_brachycerus	low_coverage	ASM90024965v1	GCA_900249655.1_ASM90024965v1_genomic.fna	OFSG01039141.1	-	6	227
EFV-PL2.7.1-Operophtera_brumata	708	EFV-PL2.7-OpeBru	PL2	EFV-PL2	7	1	Operophtera_brumata	low_coverage	ASM126657v1	GCA_001266575.1_ASM126657v1_genomic.fna	JTDY01000214.1	-	99289	99996
EFV-PL2.7.2-Operophtera_brumata	324	EFV-PL2.7-OpeBru	PL2	EFV-PL2	7	2	Operophtera_brumata	low_coverage	ASM126657v1	GCA_001266575.1_ASM126657v1_genomic.fna	JTDY01002107.1	-	70740	71063
EFV-Tamana.1-Lednia_tumana	747	EFV-Tamana.1-LedTum	Tamana	EFV-Tamana	1	1	Lednia_tumana	low_coverage	Ltum_v1.0	GCA_003287335.1_Ltum_v1.0_genomic.fna	QKMV01058854.1	+	558	1304
EFV-Tamana.2.1-Laupala_kohalensis	1425	EFV-Tamana.2-LauKoh	Tamana	EFV-Tamana	2	1	Laupala_kohalensis	low_coverage	ASM231320v1	GCA_002313205.1_ASM231320v1_genomic.fna	NNCF01133646.1	+	4106	5530
EFV-Tamana.2.2-Laupala_kohalensis	367	EFV-Tamana.2-LauKoh	Tamana	EFV-Tamana	2	2	Laupala_kohalensis	low_coverage	ASM231320v1	GCA_002313205.1_ASM231320v1_genomic.fna	NNCF01138054.1	+	2838	3204
EFV-Tamana.3.1-Amphinemura_sulcicollis	546	EFV-Tamana.3-AmpSul	Tamana	EFV-Tamana	3	1	Amphinemura_sulcicollis	low_coverage	ASM167632v1	GCA_001676325.1_ASM167632v1_genomic.fna	LVVV01416251.1	-	151	696
EFV-Tamana.3.2-Amphinemura_sulcicollis	363	EFV-Tamana.3-AmpSul	Tamana	EFV-Tamana	3	2	Amphinemura_sulcicollis	low_coverage	ASM167632v1	GCA_001676325.1_ASM167632v1_genomic.fna	LVVV01392456.1	-	786	1148
EFV-X1.1-Priapulus_caudatus	882	EFV-X1.1-PriCau	X1	EFV-X1	1	1	Priapulus_caudatus	low_coverage	1	Priapulus	AXZU02072455	-	446	1327
EFV-X1.2-Priapulus_caudatus	597	EFV-X1.1-PriCau	X1	EFV-X1	1	1	Priapulus_caudatus	low_coverage	1	Priapulus	AXZU02047183	+	11361	11957
EFV-X2.1.1-Austrofundulus_limnaeus	4305	EFV-X2.1-AusLim	X2	EFV-X2	1	1	Austrofundulus_limnaeus	low_coverage	1	52670_ref_Austrofundulus_limnaeus-1.0_chrUn.fa	gi|924426207|ref|NW_013953420.1|	+	125475	129779
EFV-X2.1.2-Austrofundulus_limnaeus	2045	EFV-X2.1-AusLim	X2	EFV-X2	1	2	Austrofundulus_limnaeus	low_coverage	1	52670_ref_Austrofundulus_limnaeus-1.0_chrUn.fa	gi|924427160|ref|NW_013952674.1|	-	412256	414300
EFV-X2.1.3-Austrofundulus_limnaeus	4154	EFV-X2.1-AusLim	X2	EFV-X2	1	3	Austrofundulus_limnaeus	low_coverage	1	52670_ref_Austrofundulus_limnaeus-1.0_chrUn.fa	gi|924425846|ref|NW_013953701.1|	+	23438	27591
EFV-X2.1.4-Austrofundulus_limnaeus	276	EFV-X2.1-AusLim	X2	EFV-X2	1	4	Austrofundulus_limnaeus	low_coverage	1	52670_ref_Austrofundulus_limnaeus-1.0_chrUn.fa	gi|924426727|ref|NW_013953063.1|	+	153714	153989
EFV-X2.2.1-Stylephorus_chordatus	5089	EFV-X2.2-StyCho	X2	EFV-X2	2	1	Stylephorus_chordatus	low_coverage	ASM90031261v1	GCA_900312615.1_ASM90031261v1_genomic.fna	OMPB01035808.1	-	645	5733
EFV-X2.2.2-Stylephorus_chordatus	2043	EFV-X2.2-StyCho	X2	EFV-X2	2	2	Stylephorus_chordatus	low_coverage	ASM90031261v1	GCA_900312615.1_ASM90031261v1_genomic.fna	OMPB01032799.1	-	285	2327
EFV-X2.2.3-Stylephorus_chordatus	572	EFV-X2.2-StyCho	X2	EFV-X2	2	3	Stylephorus_chordatus	low_coverage	ASM90031261v1	GCA_900312615.1_ASM90031261v1_genomic.fna	OMPB01008367.1	-	251	822
EFV-X2.3.1-Eurytemora_affinis	990	EFV-X2.3-EurAff	X2	EFV-X2	3	1	Eurytemora_affinis	low_coverage	Eaff_1.0	GCA_000591075.1_Eaff_1.0_genomic.fna	KK079217.1	-	138034	139023
EFV-X2.3.2-Eurytemora_affinis	4907	EFV-X2.3-EurAff	X2	EFV-X2	3	2	Eurytemora_affinis	low_coverage	Eaff_1.0	GCA_000591075.1_Eaff_1.0_genomic.fna	KK079878.1	+	27785	32691
EFV-X2.4.1-Takifugu_bimaculatus	503	EFV-X2.4-Takifugu	X2	EFV-X2	4	1	Takifugu_bimaculatus	low_coverage	ASM402614v1	GCA_004026145.1_ASM402614v1_genomic.fna	CP034996.1	+	4793790	4794292
EFV-X2.4.2-Takifugu_bimaculatus	500	EFV-X2.4-Takifugu	X2	EFV-X2	4	2	Takifugu_bimaculatus	low_coverage	ASM402614v1	GCA_004026145.1_ASM402614v1_genomic.fna	CP034996.1	+	3097464	3097963
EFV-X2.4.3-Takifugu_bimaculatus	503	EFV-X2.4-Takifugu	X2	EFV-X2	4	3	Takifugu_bimaculatus	low_coverage	ASM402614v1	GCA_004026145.1_ASM402614v1_genomic.fna	CP034996.1	-	2493774	2494276
EFV-X2.4.1-Takifugu_flavidus	219	EFV-X2.4-Takifugu	X2	EFV-X2	4	1	Takifugu_flavidus	low_coverage	v1	GCA_000400755.1_version_1_of_Takifugu_flavidus_genome_genomic.fna	KE122403.1	+	13757	13975
EFV-X2.4.1-Takifugu_rubripes	503	EFV-X2.4-Takifugu	X2	EFV-X2	4	1	Takifugu_rubripes	low_coverage	FUGU4	Takifugu_rubripes.FUGU4.dna.nonchromosomal.fa	scaffold_2834	+	8771	9273
EFV-X2.5-Phycis_blennoides	925	EFV-X2.5-Phycis	X2	EFV-X2	5	1	Phycis_blennoides	low_coverage	ASM90030231v1	GCA_900302315.1_ASM90030231v1_genomic.fna	OMKI01014494.1	+	12379	13303
EFV-X2.5-Phycis_phycis	759	EFV-X2.5-Phycis	X2	EFV-X2	5	1	Phycis_phycis	low_coverage	ASM90030233v1	GCA_900302335.1_ASM90030233v1_genomic.fna	OMKQ01018326.1	-	11151	11909
EFV-X2.6-Mora_moro	168	EFV-X2.6-MorMor	X2	EFV-X2	6	1	Mora_moro	low_coverage	Mora_mora_assembly	GCA_900303205.1_Mora_mora_assembly_genomic.fna	OMNR01010451.1	-	629	796
EFV-X2.7-Boleophthalmus_pectinirostris	798	EFV-X2.9-BolPec	X2	EFV-X2	7	1	Boleophthalmus_pectinirostris	low_coverage	1_BP	GCA_000788275.1_BP.fa_genomic.fna	KN521974.1	+	1448566	1449363
EFV-X2.7-Brosme_brosme	441	EFV-X2.7-BroBro	X2	EFV-X2	7	1	Brosme_brosme	low_coverage	ASM90030242v1	GCA_900302425.1_ASM90030242v1_genomic.fna	OMKX01003740.1	+	5708	6148
EFV-X2.8-Maccullochella_peelii	180	EFV-X2.8-MacPee	X2	EFV-X2	8	1	Maccullochella_peelii	low_coverage	mcod_v1	GCA_002120245.1_mcod_v1_genomic.fna	LKNJ01003435.1	-	40729	40908